Email,Password,Sources
richard@1000islandsplayhouse.com,76413***********,'LinkedIn.com'
richard@1000islandsplayhouse.com,Gan20***,'Last.fm'
brett@1000islandsplayhouse.com,1000t***,'Unknown'
brett@1000islandsplayhouse.com,7dc70************,'Unknown'
1000islandsplayhouse@1000islandsplayhouse.com,1000t***,'Unknown'
1000islandsplayhouse@1000islandsplayhouse.com,7dc70************,'Unknown'
boxoffice@1000islandsplayhouse.com,7X5PF***,'Unknown'
greg@1000islandsplayhouse.com,kathr***,'Unknown'
kathryn@1000islandsplayhouse.com,marcu**,'Unknown'
lbennett@1000islandsplayhouse.com,Emiko*****,'LinkedIn.com'
sarah@1000islandsplayhouse.com,shado**,"'StockX.com', '8Tracks.com'"
richard@1000islandsplayhouse.com,None,'Twitter.com (scraping data)'
