Email,Password,Sources
shauna@1047.ca,redru**,'iMesh.com'
craig@1047.ca,vikin***,'LinkedIn.com'
breakfastclub@1047.ca,n2615****,'Unknown'
JohnA@1047.ca,secre**,'LinkedIn.com'
dan@1047.ca,BVS6Q**,'Unknown'
darrell@1047.ca,60598***********,'LinkedIn.com'
ddusick@1047.ca,2FDDS**,'Unknown'
deb@1047.ca,77777**,'Unknown'
heather@1047.ca,rugra***,'Unknown'
holly@1047.ca,watch*****,'MySpace.com'
jeff@1047.ca,barba****,"'ameawards.com', 'newyorkfestivals.com'"
jeremy@1047.ca,radio**,"'iMesh.com', 'Collection 1'"
john@1047.ca,02109**,'Unknown'
john@1047.ca,heart***,'Collection 1'
johna@1047.ca,secre*,'Unknown'
johnh@1047.ca,racha****,'Unknown'
leslie@1047.ca,queen****,'Unknown'
leslie@1047.ca,queen*****,'MySpace.com'
michael@1047.ca,mosco***,'MySpace.com'
roksana@1047.ca,Infla****,"'MyHeritage.com', 'Hautelook.com', 'Lookbook.nu', 'Last.fm'"
angela@1047.ca,Charl*****,'MyHeritage.com'
adam@1047.ca,None,'Zynga.com'
angela@1047.ca,None,'Twitter.com (scraping data)'
