Email,Password,Sources
carolyn@108ideaspace.com,Carol******,'Unknown'
carolyn@108ideaspace.com,Carol*******,'Bitly.com'
jacqueline@108ideaspace.com,12312**,'ShareThis.com'
ketan@108ideaspace.com,nirma****,'ShareThis.com'
naresh@108ideaspace.com,nmv89****,'ShareThis.com'
08Feb10@108ideaspace.com,q1w2e****,'Stealer Logs'
108teamindia@108ideaspace.com,108!d********,'Stealer Logs'
Ashish@108ideaspace.com,1D<^s*****,'Stealer Logs'
Ashish@108ideaspace.com,Nirma************,'Stealer Logs'
Ketan@108ideaspace.com,Q!w2e********,'Stealer Logs'
Ketan@108ideaspace.com,nirma******,'Stealer Logs'
Ketan@108ideaspace.com,nirma**********,'Stealer Logs'
Ketan@108ideaspace.com,nirma*********,'Stealer Logs'
ashish@108ideaspace.com,!deas*****,'Stealer Logs'
ashish@108ideaspace.com,12@Id********,'Stealer Logs'
ashish@108ideaspace.com,FY^mm************,'Stealer Logs'
ashish@108ideaspace.com,Ideas*********,'Stealer Logs'
ashish@108ideaspace.com,^r!8F********************,'Stealer Logs'
ashish@108ideaspace.com,nirma******,'Stealer Logs'
ashish@108ideaspace.com,yvy9e****,'Stealer Logs'
bissett@108ideaspace.com,Avaza*****,'Stealer Logs'
bissett@108ideaspace.com,BissF***************,'Stealer Logs'
chfsalesforce@108ideaspace.com,!dea@******,'Stealer Logs'
chfsalesforce@108ideaspace.com,108id*********,'Stealer Logs'
clientcare@108ideaspace.com,!deas*****,'Stealer Logs'
clientcare@108ideaspace.com,!deas********,'Stealer Logs'
hello@108ideaspace.com,!deas*****,'Stealer Logs'
imran@108ideaspace.com,ILV!Y************,'Stealer Logs'
investright@108ideaspace.com,!deas*****,'Stealer Logs'
kathir@108ideaspace.com,5m4?d************,'Stealer Logs'
ketan3@108ideaspace.com,asdfa****,'Stealer Logs'
ketan5@108ideaspace.com,12345*****,'Stealer Logs'
ketan@108ideaspace.com,!3N5F***********,'Stealer Logs'
ketan@108ideaspace.com,#4nj@********************,'Stealer Logs'
ketan@108ideaspace.com,",kRZT***********",'Stealer Logs'
ketan@108ideaspace.com,1d<^s*****,'Stealer Logs'
ketan@108ideaspace.com,6wlWV************,'Stealer Logs'
ketan@108ideaspace.com,Ideas*******,'Stealer Logs'
ketan@108ideaspace.com,Ketan***********,'Stealer Logs'
ketan@108ideaspace.com,Ketan******,'Stealer Logs'
ketan@108ideaspace.com,Ketan*******,'Stealer Logs'
ketan@108ideaspace.com,Ketan*******,'Stealer Logs'
ketan@108ideaspace.com,Ketan******,'Stealer Logs'
ketan@108ideaspace.com,MahiP********,'Stealer Logs'
ketan@108ideaspace.com,MahiP*********,'Stealer Logs'
ketan@108ideaspace.com,PSm2d***********,'Stealer Logs'
ketan@108ideaspace.com,Q!w2e******,'Stealer Logs'
ketan@108ideaspace.com,Q1w2e******,'Stealer Logs'
ketan@108ideaspace.com,b@vxm********************,'Stealer Logs'
ketan@108ideaspace.com,ketan****,'Stealer Logs'
ketan@108ideaspace.com,ketan*****,'Stealer Logs'
ketan@108ideaspace.com,l3zxy************,'Stealer Logs'
ketan@108ideaspace.com,nirma************,'Stealer Logs'
ketan@108ideaspace.com,nirma****************,'Stealer Logs'
ketan@108ideaspace.com,q1w2e****,'Stealer Logs'
ketan@108ideaspace.com,q1w2e********,'Stealer Logs'
neeru@108ideaspace.com,Dieti*******,'Stealer Logs'
niranjan@108ideaspace.com,Jhark*******,'Stealer Logs'
nupur@108ideaspace.com,!deaS*********,'Stealer Logs'
pavan@108ideaspace.com,13@Id********,'Stealer Logs'
pavan@108ideaspace.com,Ashis**********,'Stealer Logs'
pavan@108ideaspace.com,Ashis**********,'Stealer Logs'
pavan@108ideaspace.com,Ideas*******,'Stealer Logs'
pavan@108ideaspace.com,Ideas*******,'Stealer Logs'
sneha@108ideaspace.com,Madha*****,'Stealer Logs'
sneha@108ideaspace.com,RhfTk********************,'Stealer Logs'
training@108ideaspace.com,Train*****************,'Stealer Logs'
ketan@108ideaspace.com,None,'Canva.com'
kerry@108ideaspace.com,None,'Canva.com'
pavan@108ideaspace.com,None,'Canva.com'
edie@108ideaspace.com,None,'Canva.com'
