Email,Password,Sources
patty@10tation.com,scoot*****,'Unknown'
chef@10tation.com,Fudd6**,'LinkedIn.com'
david@10tation.com,andro********,'Unknown'
david@10tation.com,mangi****,'Houzz.com'
frank@10tation.com,HUMBE****,'Dubsmash.com'
jen@10tation.com,10tat****,'Unknown'
jennie@10tation.com,gerry****,'Unknown'
laura@10tation.com,imagi********,'LinkedIn.com'
events@10tation.com,13328**,'Unknown'
luca@10tation.com,lucaa****,'canadianbusinessdirectory.ca'
alanna@10tation.com,alann****,'Webkinz'
info@10tation.com,10tat****,'Evite.com'
David@10tation.com,63Riv*******,'LiveAuctioneers.com'
david@10tation.com,tbqx1****,'123RF.com'
