Email,Password,Sources
spadula@20vic.com,spadu***,'Unknown'
crobertson@20vic.com,mZzX1****,'Collection 1'
cshack@20vic.com,david*,'Unknown'
sguilfoyle@20vic.com,sunny***,'Hautelook.com'
bmorrison@20vic.com,chery**,'Unknown'
kwiltse@20vic.com,maggy****,'Bitly.com'
kwiltse@20vic.com,sunsh****,'Unknown'
kyoung@20vic.com,storm**,'LinkedIn.com'
kbogner@20vic.com,marke******,'Unknown'
kboudreau@20vic.com,kboud**,'Unknown'
kbrown@20vic.com,75547****,'Unknown'
kbrown@20vic.com,woody**,'Unknown'
rscharfe@20vic.com,77777***,'Unknown'
rscharfe@20vic.com,randy*,'leadership.icsc.org'
dorad@20vic.com,dbrat**,'Unknown'
ekelly@20vic.com,2848,'Unknown'
rarkell@20vic.com,erica**,'Unknown'
rarmour@20vic.com,rebel**,'Unknown'
ffenn@20vic.com,gilbe***,'Unknown'
ffenn@20vic.com,vegas*****,'Unknown'
bschultz@20vic.com,dodge*******,'Unknown'
bthompson@20vic.com,9009,'Unknown'
nsawhney@20vic.com,gkbwa***,'Unknown'
hsanregret@20vic.com,sanr4****,'Unknown'
wfoliot@20vic.com,andyj****,'Zoosk.com'
emtcguest@20vic.com,29252*****,'Unknown'
rdickman@20vic.com,katie***,'Unknown'
jkelly@20vic.com,tarta**,'Unknown'
jlatulippe@20vic.com,julie*****,'LinkedIn.com'
jmeneghello@20vic.com,Jupit****,'Unknown'
aarsenault@20vic.com,picke*****,'Unknown'
acunningham@20vic.com,prets****,'Unknown'
paraujo@20vic.com,small******,"'MyFitnessPal.com', 'LinkedIn.com'"
rgriese@20vic.com,blue1****,'Unknown'
rhay@20vic.com,zuzum*****,"'MyHeritage.com', 'LinkedIn.com'"
riskmanagement@20vic.com,20vic*,'Unknown'
wtufts@20vic.com,bigre**,'LinkedIn.com'
lduragos@20vic.com,mates**,'LinkedIn.com'
jgilmour@20vic.com,sodap****,'MySpace.com'
jhampaul@20vic.com,summi**,'Unknown'
jhedrich@20vic.com,HEDRI***,'leadership.icsc.org'
jhedrich@20vic.com,jshjs**,'Unknown'
ngaudette@20vic.com,arrow****,"'MyFitnessPal.com', 'buykaraokedownloads.com'"
ajones@20vic.com,Picke*****,'Unknown'
amondello@20vic.com,panam**,'Unknown'
atrujillo@20VIC.com,mateo***,'Unknown'
awelter@20vic.com,2323,'Unknown'
babbas@20vic.com,Aiden***,'LinkedIn.com'
baverill@20vic.com,carib***,'Unknown'
bbpcustomerservice@20vic.com,missi****,'Unknown'
bbpinfo@20vic.com,lilka*,'Unknown'
bbrown@20vic.com,winch******,'Unknown'
bdunn@20vic.com,jaspe**,'Unknown'
bdunn@20vic.com,jaspe***,'Unknown'
bveerasingham@20vic.com,Inthy***,'LinkedIn.com'
bwludyka@20vic.com,2006N*****,'Unknown'
bwludyka@20vic.com,Squid****,'Unknown'
bwong@20vic.com,DISAB****,'Unknown'
bwong@20vic.com,newle****,'LinkedIn.com'
cdinis@20vic.com,44760***********,'LinkedIn.com'
chess@20vic.com,selli***,'Unknown'
cinnes@20vic.com,Carol****,'Unknown'
cmazur@20vic.com,Porta****,'Unknown'
cmazur@20vic.com,regen**,'Unknown'
cmcnish@20vic.com,leepe****,'Unknown'
danderson@20vic.com,flyin***,'Unknown'
danderson@20vic.com,gibso**,'Cafepress.com'
dbratt@20vic.com,2atif********,'realontario.ca'
dbratt@20vic.com,bratt*,'Unknown'
dcamelford@20vic.com,foxfi***,'Unknown'
dcroome@20vic.com,petom*****,'Unknown'
dhewitt@20vic.com,coope*****,'Unknown'
dhewitt@20vic.com,westw****,'MyHeritage.com'
dlatreille@20vic.com,sonya*****,'LinkedIn.com'
dmazzocchi@20vic.com,domen***,'Unknown'
dmazzocchi@20vic.com,olive**,'Unknown'
drose@20vic.com,blood****,'Unknown'
dtriandafilou@20vic.com,horse**,"'iMesh.com', 'Collection 1'"
dwalters@20vic.com,ruper**,'LinkedIn.com'
fkierstead@20vic.com,18241****,'Unknown'
gbloskie@20vic.com,jaket******,"'Hautelook.com', 'Dropbox.com'"
gbuckles@20vic.com,GEORG**,'Unknown'
ggoddard@20vic.com,newfy*****,'Unknown'
hedwards@20vic.com,whoop******,'Unknown'
hfxcustomerservice@20vic.com,29015*****,'Unknown'
hplato@20vic.com,Stell******,'Unknown'
jbragagnolo@20vic.com,63630**,'Evite.com'
jdoyle@20vic.com,redst****,'Mate1.com'
jpretsell@20vic.com,1956,'leadership.icsc.org'
jpretsell@20vic.com,markl****,'LinkedIn.com'
jschott@20vic.com,reco8**,'Unknown'
jwyn@20vic.com,sh0p4*****,"'Bitly.com', 'Dropbox.com'"
kaldabous@20vic.com,12345**,'Unknown'
ksivarajah@20vic.com,anush****,'Unknown'
lancustomerservice@20vic.com,28996*****,'Unknown'
lkennedy@20vic.com,harle**,'Unknown'
lmurphy@20vic.com,Lorna******,'Unknown'
lmurphy@20vic.com,Lorna**********,'Evite.com'
lmurphy@20vic.com,adama***,'Unknown'
lmurphy@20vic.com,nicho****,'Unknown'
lsullivan@20vic.com,white*****,'LinkedIn.com'
ltownsend@20vic.com,baily****,'Unknown'
mareid@20vic.com,1Haze*******,'LinkedIn.com'
mbzdel@20vic.com,manof*****,'Unknown'
mcgonigal@20vic.com,pipap******,'Unknown'
mclarke@20vic.com,1386a****,'Unknown'
mcogliano@20vic.com,sabat**,'Unknown'
mcogliano@20vic.com,vpadm***,'Unknown'
mcole@20vic.com,clayc****,'Unknown'
mdemedeiros@20vic.com,demed******,'Unknown'
mdemedeiros@20vic.com,dynas***,'Unknown'
mdifranco@20vic.com,britt****,'LinkedIn.com'
mgradishar@20vic.com,wal-m****,'Unknown'
mholmen@20vic.com,227gr***,'Unknown'
mholmen@20vic.com,9m7qs****,'Unknown'
mlessard@20vic.com,nicol**,'Unknown'
mmanni@20vic.com,marga*****,'LinkedIn.com'
mmaxwell@20vic.com,Welco****,'Unknown'
mmehak@20vic.com,norto**,'LinkedIn.com'
mreid@20vic.com,lindl*****,'Unknown'
mrobinson@20vic.com,0122,'Unknown'
mseward@20vic.com,icsc8****,'Unknown'
opetroianu@20vic.com,bogda****,'LinkedIn.com'
pensecuritysupervisor@20VIC.com,ilove******,'Unknown'
pland@20vic.com,stvpl****,'Unknown'
plindasay@20vic.com,27272**,'Unknown'
plindsay@20vic.com,0727,'leadership.icsc.org'
ptcmarketing@20vic.com,nidhi**,'Unknown'
rnuttall@20vic.com,71493***********,'LinkedIn.com'
rwoodward@20vic.com,Hurri******,'Unknown'
ryamamoto@20vic.com,parfi****,'Unknown'
ryamamoto@20vic.com,yamam*****,'Neopets.com'
sbolton@20vic.com,tcomm***,'Collection 1'
sboniferro@20vic.com,stabo**,'leadership.icsc.org'
schen@20vic.com,renee*****,'Unknown'
skelsie@20vic.com,peanu**,'Canva.com'
slake@20vic.com,bigge**,'Disqus.com'
slamb@20vic.com,bbp76***,'Unknown'
smartin@20vic.com,jezzy***,"'Collection 1', 'MySpace.com', 'ClearVoiceSurveys.com'"
smatier@20vic.com,tenan**,'Unknown'
spho@20vic.com,Sarah****,'Unknown'
sscherbain@20vic.com,marke*****,'Unknown'
sstachiw@20vic.com,marke*****,"'Bitly.com', 'Evite.com'"
tdienesch@20vic.com,wmgda****,'Cafepress.com'
tsakamoto@20vic.com,Manag******,'Unknown'
tsakamoto@20vic.com,steph*****,'Unknown'
tstoushnow@20vic.com,stous**,'Unknown'
ttayyab@20vic.com,tahir****,'LinkedIn.com'
vmackinnon@20vic.com,boope**,'Unknown'
vmackinnon@20vic.com,linds*****,'LinkedIn.com'
vwall@20vic.com,paige**,'Unknown'
wcampbell@20vic.com,jeetk****,"'LinkedIn.com', 'Twitter.com'"
mstante@20vic.com,rplbn******,'visionsource-drgall.com'
lmurphy@20vic.com,14707**,'Unknown'
bdiallo@20vic.com,amste***,'Unknown'
crosa@20vic.com,katsu*****,'Unknown'
jgilmour@20vic.com,sodap***,'Unknown'
sstachiw@20vic.com,pinki**,'Unknown'
acunningham@20vic.com,8fdc,'healthylivingcalendars.com'
adrian.cunningham@20vic.com,bc47,'healthylivingcalendars.com'
pmcmillan@20vic.com,61bc,'healthylivingcalendars.com'
rwoodward@20vic.com,5c4a,'healthylivingcalendars.com'
jgray@20vic.com,evang****,"'CashCrate.com', 'Evite.com'"
nmacdonald@20vic.com,yukon*****,'MyFitnessPal.com'
crobertson@20vic.com,charl*******,'MyFitnessPal.com'
jmarchand@20vic.com,malin***,'MyFitnessPal.com'
rrousseau@20vic.com,shado**,'MyFitnessPal.com'
canderson@20vic.com,marke*********,'Animoto.com'
bbartel@20vic.com,passw****,"'Kickstarter.com', 'Dropbox.com'"
mdifranco@20vic.com,britt*,'MyHeritage.com'
lyoung@20vic.com,samps***,'Shein.com'
bnicholson@20vic.com,jungl****,'MyHeritage.com'
llontoc@20vic.com,lorel******,'long-mcquade.com'
skelsie2@20vic.com,peanu**,'Unknown'
gcroome@20vic.com,Starc*******,'Evite.com'
schen@20vic.com,19961****,'Evite.com'
jdownie@20vic.com,secur******,'PoliceOne.com'
jspiers@20vic.com,canad*****,'PoliceOne.com'
dstewart@20vic.com,ycvft*,'AdultFriendFinder'
rmarsh@20vic.com,75300*,'AdultFriendFinder'
wcampbell@20vic.com,6m2jj**,'MyHeritage.com'
rgriese@20vic.com,bluee****,'Dropbox.com'
mreid@20vic.com,Lindl****,'Houzz.com'
rmarsh@20vic.com,aerof******,'Zacks.com'
ffenn@20vic.com,None,'Canva.com'
dcroome@20vic.com,None,'Disqus.com'
hedwards@20vic.com,None,'Canva.com'
jgray@20vic.com,None,'Wattpad.com'
bnicholson@20vic.com,None,'Zynga.com'
dstewart@20vic.com,None,'Disqus.com'
kbebeau@20vic.com,None,'Canva.com'
chendren@20vic.com,None,'Canva.com'
epower@20vic.com,None,'Canva.com'
mcameron@20vic.com,None,'Canva.com'
ldngservice@20vic.com,None,'Canva.com'
aboyd@20vic.com,None,'Canva.com'
bgise@20vic.com,None,'Canva.com'
agiron@20vic.com,None,'Canva.com'
akelter@20vic.com,None,'Canva.com'
gmulumba@20vic.com,None,'Canva.com'
mschleimer@20vic.com,None,'Canva.com'
rbugyi@20vic.com,None,'Canva.com'
edart@20vic.com,None,'Canva.com'
hcrawford@20vic.com,None,'Canva.com'
eking@20vic.com,None,'Canva.com'
ccosta@20vic.com,None,'Zynga.com'
dflowers@20vic.com,None,'Zynga.com'
jmacdonald@20vic.com,None,'Zynga.com'
mngo@20vic.com,None,'Zynga.com'
scoupland@20vic.com,None,'Zynga.com'
crobertson@20vic.com,None,'Twitter.com (scraping data)'
cturnquist@20vic.com,None,'Twitter.com (scraping data)'
dmazzocchi@20vic.com,None,'Twitter.com (scraping data)'
gbuckles@20vic.com,None,'Twitter.com (scraping data)'
paraujo@20vic.com,None,'Twitter.com (scraping data)'
rrousseau@20vic.com,None,'Twitter.com (scraping data)'
rwoodward@20vic.com,None,'Twitter.com (scraping data)'
