Email,Password,Sources
designers@247labs.com,pass4*********,'Stealer Logs'
developers@247labs.com,pass4****,'Stealer Logs'
ehab.ahmed@247labs.com,ehabQ*****,'Stealer Logs'
muhammad.hasan@247labs.com,A1234****,'Stealer Logs'
muhammed.nasef@247labs.com,Mmkn&*********,'Stealer Logs'
oleksandr.danylenko@247labs.com,As123****,'Stealer Logs'
rawia.ahmed@247labs.com,Rawia*****,'Stealer Logs'
rawia.ahmed@247labs.com,Teste******,'Stealer Logs'
rawia.ahmed@247labs.com,labs@********,'Stealer Logs'
rawia.ahmed@247labs.com,rawia*********,'Stealer Logs'
Yunus.shaikh@247labs.com,2yunu******,'Stealer Logs'
admin@247labs.com,12345**,'Stealer Logs'
admin@247labs.com,mik41******,'Stealer Logs'
admin@247labs.com,secre**,'Stealer Logs'
azwar.khalid@247labs.com,Pass4*****,'Stealer Logs'
demo@247labs.com,Yunus********,'Stealer Logs'
designers@247labs.com,mint3******,'Stealer Logs'
developers@247labs.com,Kimic******,'Stealer Logs'
doctor@247labs.com,secre**,'Stealer Logs'
managers@247labs.com,Cloud**********,'Stealer Logs'
managers@247labs.com,Muell**********,'Stealer Logs'
managers@247labs.com,c43ha***********,'Stealer Logs'
patient@247labs.com,secre**,'Stealer Logs'
yunus.shaikh1@247labs.com,eOFXr******,'Stealer Logs'
yunus.shaikh@247labs.com,12345**,'Stealer Logs'
yunus.shaikh@247labs.com,4r*4r************,'Stealer Logs'
yunus.shaikh@247labs.com,IMGyu********,'Stealer Logs'
yunus.shaikh@247labs.com,Pn6M#***********,'Stealer Logs'
yunus.shaikh@247labs.com,Yunus*****,'Stealer Logs'
yunus.shaikh@247labs.com,b!5Gk***********,'Stealer Logs'
yunus.shaikh@247labs.com,demod****,'Stealer Logs'
yunus.shaikh@247labs.com,yunus*****,'Stealer Logs'
azwar.khalid@247labs.com,pass4****,"'Canva.com', 'Stealer Logs'"
sales@247labs.com,pass4****,'Canva.com'
admin@247labs.com,Apple**********,'Stealer Logs'
admin@247labs.com,tik41******,'Stealer Logs'
appledeveloper@247labs.com,Apple*****,'Stealer Logs'
appledeveloperenterprise@247labs.com,Pass4*****,'Stealer Logs'
mauricio.poot@247labs.com,12345******,'Stealer Logs'
mauricio.poot@247labs.com,Bicha****,'Stealer Logs'
mauricio.poot@247labs.com,gatit****,'Stealer Logs'
mauricio.poot@247labs.com,Labic******,'Stealer Logs'
mauricio.poot@247labs.com,palom****,'Stealer Logs'
mauricio.poot@247labs.com,susan****,'Stealer Logs'
mohammed.hussain@247labs.com,#)3#$********************,'Stealer Logs'
sales@247labs.com,Pass4*****,'Stealer Logs'
aram.zahedi@247labs.com,12345**,'Stealer Logs'
mariama.mansaray@247labs.com,None,'Canva.com'
oksana.katrych@247labs.com,None,'Canva.com'
sales@247labs.com,None,'Canva.com'
azwar.khalid@247labs.com,None,'Canva.com'
pranav.suresh@247labs.com,None,'Canva.com'
reda.guerboukha@247labs.com,None,"'Canva.com', 'Wattpad.com'"
