Email,Password,Sources
chinesh.dave@2isolutions.com,boy13*********,'Unknown'
anne.marie@2isolutions.com,Inter****,'Unknown'
anne.marie@2isolutions.com,Inter********,'LinkedIn.com'
praveen.kumar@2isolutions.com,BOBJ2****,'Unknown'
priyanka@2isolutions.com,iibss***,'Unknown'
mansi@2isolutions.com,11111**,'Unknown'
mansi@2isolutions.com,12312**,'Unknown'
mansi@2isolutions.com,12332**,'Unknown'
mansi@2isolutions.com,12345**,'Unknown'
mansi@2isolutions.com,12345***,'Unknown'
mansi@2isolutions.com,12345****,'Unknown'
mansi@2isolutions.com,12345*****,'Unknown'
mansi@2isolutions.com,12345******,'Unknown'
mansi@2isolutions.com,123qw**,'Unknown'
mansi@2isolutions.com,123qw******,'Unknown'
mansi@2isolutions.com,18atc******,'Unknown'
mansi@2isolutions.com,1q2w3**,'Unknown'
mansi@2isolutions.com,1q2w3****,'Unknown'
mansi@2isolutions.com,1q2w3******,'Unknown'
mansi@2isolutions.com,55555**,'Unknown'
mansi@2isolutions.com,65432**,'Unknown'
mansi@2isolutions.com,66666**,'Unknown'
mansi@2isolutions.com,77777***,'Unknown'
mansi@2isolutions.com,98765*****,'Unknown'
mansi@2isolutions.com,QWERT*****,'Unknown'
mansi@2isolutions.com,custo**********,'Twitter.com'
mansi@2isolutions.com,mynoo**,'Unknown'
mansi@2isolutions.com,passw****,'Unknown'
mansi@2isolutions.com,passw*******,'Unknown'
mansi@2isolutions.com,qwert**,'Unknown'
mansi@2isolutions.com,qwert******,'Unknown'
mansi@2isolutions.com,qwert*********,'Unknown'
mansi@2isolutions.com,zxcvb***,'Unknown'
mike.wood@2isolutions.com,Inter****,'Unknown'
mike.wood@2isolutions.com,Inter********,'LinkedIn.com'
pb@2isolutions.com,123#1***,'Unknown'
priyanka@2isolutions.com,16203******,'Unknown'
virendra.rai@2isolutions.com,None,'Canva.com'
accounts.india@2isolutions.com,None,'Indiamart.com'
India@2isolutions.com,None,'Indiamart.com'
