Email,Password,Sources
adysart@2keys.ca,susie****,'Unknown'
labatman@2keys.ca,awsom**,"'MyHeritage.com', 'Last.fm'"
dbeasant@2keys.ca,finne****,'Unknown'
heather@2keys.ca,Sammy****,'LinkedIn.com'
ivilla@2keys.ca,goali**,'Unknown'
mgarnett@2keys.ca,Hea13*****,'LinkedIn.com'
mmonette@2keys.ca,M!ke1******,'000webhost.com'
owen@2keys.ca,abc12**,'Evony.com'
rob@2keys.ca,Tst12****,'Unknown'
sberrigan@2keys.ca,22681***********,'LinkedIn.com'
swhynott@2keys.ca,awsom**,'Unknown'
ivilla@2keys.ca,hrzdn******,'visionsource-drgall.com'
owen@2keys.ca,Tst12****,"'Animoto.com', 'Houzz.com', 'GameSalad.com', 'Zynga.com'"
tbates@2keys.ca,otism**********,'GameSalad.com'
heather@2keys.ca,sammy****,'Evite.com'
sheeley@2keys.ca,Darle*****,'Slideteam.net'
heather@2keys.ca,None,'Minted.com'
owen@2keys.ca,None,'Zynga.com'
heather@2keys.ca,None,'Twitter.com (scraping data)'
mgarnett@2keys.ca,None,'Twitter.com (scraping data)'
owen@2keys.ca,None,'Twitter.com (scraping data)'
