Email,Password,Sources
aharrison@2source.com,1980l*****,'Unknown'
aharrison@2source.com,bobin**,'Unknown'
tallingham@2source.com,talli******,'Unknown'
bvahedi@2source.com,12345**,"'Creocommunity.com', 'ConnectPress.com', 'Collection 1', 'catiacommunity.com'"
bvahedi@2source.com,30119**,'Unknown'
bvahedi@2source.com,none3******,"'ConnectPress.com', 'jobs.connectpress.com'"
gtromans@2source.com,chevi**,"'Creocommunity.com', 'ConnectPress.com', 'Collection 1', 'catiacommunity.com'"
jdeborba@2source.com,olivi**,'Unknown'
mwarren@2source.com,sux2b***,'Unknown'
tdean@2source.com,targa****,'LinkedIn.com'
