Email,Password,Sources
bryan@336exit.com,relod*****,"'Animoto.com', 'Dropbox.com'"
bryan@336exit.com,vecch******,'Unknown'
craig@336exit.com,craig***********,'Unknown'
andrew@336exit.com,andre***********,'Unknown'
cheryl@336exit.com,51421***********,'LinkedIn.com'
julie@336exit.com,figor****,"'Bitly.com', 'MyFitnessPal.com', 'Dropbox.com', 'LinkedIn.com'"
lorie@336exit.com,theea**********,"'rs.libros.cz', 'lonada.com', 'bph.ac.th', 'butinet.cat', 'chebar-cool.ru', 'stampsathi.in', 'kwhomeseller.com', 'demorsp.com', 'www.briandjimsell.com', 'mariners1.reffice.net', 'rihtimilaclama.com', 'davidgilliland.com', 'hykino.triangle-design.com', 'gerryspencersellshomes.com'"
mark@336exit.com,mark5****,"'Houzz.com', 'Dropbox.com', 'Prostatitiscanada.ca', 'lambethdesktop.com'"
tim@336exit.com,theea***********,"'rs.libros.cz', 'lonada.com', 'bph.ac.th', 'butinet.cat', 'chebar-cool.ru', 'stampsathi.in', 'kwhomeseller.com', 'demorsp.com', 'www.briandjimsell.com', 'mariners1.reffice.net', 'rihtimilaclama.com', 'davidgilliland.com', 'hykino.triangle-design.com', 'gerryspencersellshomes.com'"
julie@336exit.com,theea************,"'rs.libros.cz', 'lonada.com', 'bph.ac.th', 'butinet.cat', 'chebar-cool.ru', 'stampsathi.in', 'kwhomeseller.com', 'demorsp.com', 'www.briandjimsell.com', 'mariners1.reffice.net', 'rihtimilaclama.com', 'davidgilliland.com', 'hykino.triangle-design.com', 'gerryspencersellshomes.com'"
john@336exit.com,busta******,'Imgur.com'
courtney@336exit.com,court****,'Canva.com'
cheryl@336exit.com,None,'Zynga.com'
julie@336exit.com,None,'Canva.com'
tim@336exit.com,None,'Canva.com'
kelly@336exit.com,None,'Canva.com'
theresa@336exit.com,None,'Canva.com'
courtney@336exit.com,None,"'Canva.com', 'Twitter.com (scraping data)'"
janice@336exit.com,None,'Canva.com'
jeff@336exit.com,None,'Canva.com'
jenna@336exit.com,None,'Canva.com'
admin@336exit.com,None,'Canva.com'
candice@336exit.com,None,'Canva.com'
mack@336exit.com,None,'Canva.com'
julie@336exit.com,None,'Facebook.com'
