Email,Password,Sources
keith.s@360asc.com,belfa******,'Unknown'
Dave.s@360asc.com,27524*,'Unknown'
Dave.s@360asc.com,39875*,'Unknown'
Dave.s@360asc.com,42208*,'Unknown'
Dave.s@360asc.com,46969*,'Unknown'
andrew.p@360asc.com,bullo****,'Unknown'
b.b.bradley@360asc.com,oakvi****,'Unknown'
b.bradley@360asc.com,oakvi*****,'Unknown'
dan.b@360asc.com,leina**,'Unknown'
dave.p@360asc.com,MaBar******,'Unknown'
dave.p@360asc.com,dpijp****,'Unknown'
dave.s@360asc.com,14038*,'Unknown'
dave.s@360asc.com,15308*,'Unknown'
dave.s@360asc.com,17731*,'Unknown'
dave.s@360asc.com,28285*,'Unknown'
dave.s@360asc.com,34655*,'Unknown'
dave.s@360asc.com,38124*,'Unknown'
dave.s@360asc.com,39849*,'Unknown'
dave.s@360asc.com,40224*,'Unknown'
dave.s@360asc.com,41977*,'Unknown'
dave.s@360asc.com,45417*,'Unknown'
dave.s@360asc.com,48464*,'Unknown'
dave.s@360asc.com,48599*,'Unknown'
dave.s@360asc.com,ehab1****,'Unknown'
dave.s@360asc.com,viper****,'Unknown'
dirk.a@360asc.com,10097*,'Unknown'
dirk.a@360asc.com,10505*,'Unknown'
dirk.a@360asc.com,23228*,'Unknown'
dirk.a@360asc.com,28140*,'Unknown'
dirk.a@360asc.com,3715,'Collection 1'
dirk.a@360asc.com,37825*,'Unknown'
dirk.a@360asc.com,4026,'Unknown'
dirk.a@360asc.com,43164*,'Unknown'
dirk.a@360asc.com,44896*,'Unknown'
dirk.a@360asc.com,8784,'Unknown'
dirk.a@360asc.com,M2cyc*****,'Unknown'
dirk.a@360asc.com,S,'Unknown'
dirk.a@360asc.com,S@n12********,'Unknown'
dirk.a@360asc.com,bsp20***,'Unknown'
dirk.a@360asc.com,dor17***,'Collection 1'
dirk.a@360asc.com,dwaar******,'Unknown'
dirk.a@360asc.com,orang**,'Unknown'
dirk.a@360asc.com,vdis2**,'Unknown'
john.c@360asc.com,Jcr0s******,'Unknown'
mario.f@360asc.com,15288**,'Unknown'
aimee.n@360asc.com,51154*****,'MyFitnessPal.com'
