Email,Password,Sources
celliott@360incentives.com,99999*****,'LinkedIn.com'
coreilly@360incentives.com,142an******,'Bitly.com'
coreilly@360incentives.com,annet***,'Unknown'
dkirby@360incentives.com,brand***,'Unknown'
jchaput@360incentives.com,happi*****,'Bitly.com'
kmartin@360incentives.com,kevin*****,'Bitly.com'
kmccrae@360incentives.com,mylo2****,'lartizanpizza.com'
lcolangelo@360incentives.com,Novem*******,'Unknown'
nmcilwain@360incentives.com,Sprin******,'Bitly.com'
tskinner@360incentives.com,tjs77***,'Unknown'
mrogers@360incentives.com,roger******,'MyFitnessPal.com'
ahumenny@360incentives.com,aw678**,'MyFitnessPal.com'
ewong@360incentives.com,emily*****,"'atlaspizza.ca', 'lartizanpizza.com'"
ajohnston@360incentives.com,May29*****,"'StockX.com', '8Tracks.com'"
lbull@360incentives.com,Za9Qo**,'Romwe.com'
WELVE@360incentives.com,X&R2n******,'Stealer Logs'
adurandis@360incentives.com,dN?G4******,'Stealer Logs'
ADurandis@360incentives.com,Dur@l*********,'Stealer Logs'
adurandis@360incentives.com,F=lnt******,'Stealer Logs'
Adurandis@360incentives.com,J'ai2********,'Stealer Logs'
bpatwary@360incentives.com,Fear+********,'Stealer Logs'
bsinord@360incentives.com,X#GH*******,'Stealer Logs'
noemail@360incentives.com,Billy*************,'Stealer Logs'
agilday@360incentives.com,geohu****,'Zacks.com'
cdavies@360incentives.com,None,'Zynga.com'
