Email,Password,Sources
courtney.perry@360kids.ca,81729*******,'Unknown'
courtney.perry@360kids.ca,passw*******,'Unknown'
courtney.perry@360kids.ca,theha****,'Unknown'
Bonnie.Harkness@360kids.ca,accep**********,'healthylivingcalendars.com'
christine.adonis@360kids.ca,talk6********,'healthylivingcalendars.com'
lesley.sims@360kids.ca,allow**********,'healthylivingcalendars.com'
michael.braithwaite@360kids.ca,comb7*******,'Unknown'
robin.claveria@360kids.ca,wakeu*************,'healthylivingcalendars.com'
tracy.williams@360kids.ca,have2*******,'healthylivingcalendars.com'
marisa.rosenberg@360kids.ca,maris*****,'Glofox.com'
andrew.cairns@360kids.ca,None,'Canva.com'
kayla.james@360kids.ca,None,'Canva.com'
krishma.mistry@360kids.ca,None,'Canva.com'
pamela.sertl@360kids.ca,None,'Canva.com'
sellis@360kids.ca,None,'Canva.com'
jessica.peacock@360kids.ca,None,'Canva.com'
monika.figura@360kids.ca,None,'Canva.com'
carol.irwin@360kids.ca,None,'Canva.com'
