Email,Password,Sources
tania.steyn@360pi.com,f4e2e**,'Unknown'
tania@360pi.com,Snugg****,'Unknown'
jim.sourges@360pi.com,91363**,'Zomato.com'
a.rink@360pi.com,360pi****,'Unknown'
maria.sturova@360pi.com,360vi*******,'Unknown'
ashley.falvey@360pi.com,flavo**,'cogmap.com'
brandon.telford@360pi.com,1yhqp****,'ShareThis.com'
danika.delph@360pi.com,10Fla*******,"'StockX.com', '8Tracks.com'"
pierce.ujjainwalla@360pi.com,marke*****,'123RF.com'
jay.sidhu@360pi.com,None,'Canva.com'
nadia.agueeva@360pi.com,None,'Canva.com'
natalie.verania@360pi.com,None,'Canva.com'
