Email,Password,Sources
info@360visibility.com,19518**,'Collection 1'
lcooke@360visibility.com,360de*****,'Unknown'
lcooke@360visibility.com,ff6f1**,'Unknown'
mcelio@360visibility.com,hocke****,'LinkedIn.com'
mdercole@360visibility.com,4derc*****,'Unknown'
mpersaud@360visibility.com,cybor**,'Bitly.com'
resumes@360visibility.com,19518**,'Collection 1'
sales@360visibility.com,19518**,'Collection 1'
lcooke@360visibility.com,926na***,'Unknown'
marketing@360visibility.com,None,'Canva.com'
dmartin@360visibility.com,None,'Canva.com'
jsaund@360visibility.com,None,'Canva.com'
jfonseca@360visibility.com,None,'Twitter.com (scraping data)'
mcelio@360visibility.com,None,'Twitter.com (scraping data)'
