Email,Password,Sources
martin.tam@3ifinancial.com,suref****,'Unknown'
martintam@3ifinancial.com,GI142****,'blsindia-canada.com'
martintam@3ifinancial.com,wealt****,'LinkedIn.com'
boblau@3ifinancial.com,ON012*,'Unknown'
boblau@3ifinancial.com,toyot**,'Unknown'
chantellegriffith@3ifinancial.com,femef****,"'CashCrate.com', 'ClixSense.com'"
chantellegriffith@3ifinancial.com,k05s4*,'Unknown'
louisetam@3ifinancial.com,golds******,'LinkedIn.com'
marko@3ifinancial.com,Trade****,'Unknown'
seantraboulay@3ifinancial.com,ON020*,'Unknown'
martintam@3ifinancial.com,g1142****,'blsindia-canada.com'
anthonycheah@3ifinancial.com,clint***,'Zacks.com'
martintam@3ifinancial.com,None,'Twitter.com (scraping data)'
