Email,Password,Sources
ekeller@3pointsaviation.com,87cut*****,'Unknown'
rdesroches@3pointsaviation.com,Zr7vf**,'faa-pma.com'
akarcza@3pointsaviation.com,3poin****,'Unknown'
akarcza@3pointsaviation.com,92329*,'Unknown'
akelly@3pointsaviation.com,Rm6mg**,'faa-pma.com'
alake@3pointsaviation.com,3Poin****,'Unknown'
dmcdonald@3pointsaviation.com,dm031****,'Unknown'
fjenkins@3pointsaviation.com,Frank*****,'Unknown'
fjenkins@3pointsaviation.com,Frank******,'Unknown'
hdebonte@3pointsaviation.com,hd443***,'Unknown'
leo@3pointsaviation.com,smith******,'LinkedIn.com'
mikeb@3pointsaviation.com,apllt**,'Unknown'
mmacmaster@3pointsaviation.com,macma******,'ecat.gfms.com'
ccoleman@3pointsaviation.com,DHC90*****,'faa-pma.com'
ekeller@3pointsaviation.com,Aviat*****,'faa-pma.com'
rcollicutt@3pointsaviation.com,Bm9ye**,'faa-pma.com'
vtse@3pointsaviation.com,Phil1*****,'faa-pma.com'
adaml@3pointsaviation.com,docto*****,'MyFitnessPal.com'
johnd@3pointsaviation.com,a7777****,'Zynga.com'
johnd@3pointsaviation.com,ng8m8**,'MyHeritage.com'
hhnguyen@3pointsaviation.com,Welco*******,'Stealer Logs'
