Email,Password,Sources
whorne@4-hontario.ca,june1*****,'LinkedIn.com'
alumni@4-hontario.ca,c192d**,'Unknown'
dcurran@4-hontario.ca,411cd***,'LinkedIn.com'
ea@4-hontario.ca,Peppe******,'LinkedIn.com'
mwinter@4-hontario.ca,4hnrn***,'LinkedIn.com'
nkross@4-hontario.ca,ajhWE****,"'Bitly.com', 'Dropbox.com'"
resources@4-hontario.ca,87196***********,'LinkedIn.com'
mwinter@4-hontario.ca,vitto****,'Babynames.net'
opportunities@4-hontario.ca,freck****,'Animoto.com'
Phass@4-hontario.ca,Peppe******,'LinkedIn.com'
region2@4-hontario.ca,awfzq**,'MyHeritage.com'
hr@4-hontario.ca,None,'Canva.com'
events@4-hontario.ca,None,'Canva.com'
digital@4-hontario.ca,None,'Canva.com'
region2@4-hontario.ca,None,'Twitter.com (scraping data)'
