Email,Password,Sources
kim@401auto.ca,chang****,'Unknown'
chad@401auto.ca,chang****,'Unknown'
jason@401auto.ca,chang****,'Unknown'
jgohl@401auto.ca,chang****,'Unknown'
jim@401auto.ca,chang****,'Unknown'
jeff@401auto.ca,chang****,'Unknown'
justin@401auto.ca,chang****,'Unknown'
marco@401auto.ca,chang****,'Unknown'
matt@401auto.ca,chang****,'Unknown'
melissa@401auto.ca,chang****,'Unknown'
peter@401auto.ca,chang****,'Unknown'
ryan@401auto.ca,chang****,'Unknown'
patrick@401auto.ca,porsh**,'Zynga.com'
dustin@401auto.ca,Dusti******,'Promo.com'
jim@401auto.ca,4o1@U***,'Stealer Logs'
marketing@401auto.ca,Shaun*******,'Stealer Logs'
ramez@401auto.ca,Fawzi******,'Stealer Logs'
aashish.jha@401auto.ca,Test@********,'Stealer Logs'
d1.gm@401auto.ca,Test@********,'Stealer Logs'
lead.manager@401auto.ca,Test@********,'Stealer Logs'
martin.saliba@401auto.ca,Test@********,'Stealer Logs'
thomas.wright@401auto.ca,Test@********,'Stealer Logs'
user1.d1@401auto.ca,Test@********,'Stealer Logs'
charmaine@401auto.ca,Hypox********,'Zacks.com'
