Email,Password,Sources
keith@401dixienissan.com,keith*,'Mate1.com'
JOHNG@401DIXIENISSAN.COM,401di****,'MySpace.com'
herms@401dixienissan.com,96711***,'Unknown'
herms@401dixienissan.com,damir************,'Unknown'
herms@401dixienissan.com,musko******,'Zoosk.com'
joe@401dixienissan.com,76259****,'Unknown'
joe@401dixienissan.com,nissa**,"'iMesh.com', 'LinkedIn.com', 'Datpiff.com'"
m_ali@401dixienissan.com,12345****,'Unknown'
pjherrmann@401dixienissan.com,e3777********,'Unknown'
preowned@401dixienissan.com,nissa*****,'monsterauto.ca'
greg@401dixienissan.com,grego***,'MyHeritage.com'
info@401dixienissan.com,nissa***,'canadianbusinessdirectory.ca'
