Email,Password,Sources
cgrossi@407etr.com,melan***,"'Dropbox.com', 'LinkedIn.com'"
rsamsundar@407etr.com,41699**,'Unknown'
rsurvill@407etr.com,Davie*****,'LinkedIn.com'
dpeltier@407etr.com,dylan****,'LinkedIn.com'
dperfetto@407etr.com,theha****,'Unknown'
rbaldasaro@407etr.com,Grass*********,'Unknown'
rbaldasaro@407etr.com,jenni****,'Unknown'
wsawyer@407etr.com,sally****,'Unknown'
DKyte@407ETR.com,kenni****,'LinkedIn.com'
FAhyia@407ETR.com,makay******,'Unknown'
FAyeni@407ETR.com,kemi1****,'LinkedIn.com'
GMunshaw@407ETR.com,garym*******,'LinkedIn.com'
MSidoti@407ETR.com,newho***,'Unknown'
SGeer@407ETR.com,hocke**,'Unknown'
ademakos@407etr.com,xxx,'Unknown'
chutchinson@407etr.com,hutch******,'Unknown'
cmartindale@407etr.com,407et****************,'Collection 1'
cmartindale@407etr.com,407et***************,'Unknown'
fdicintio@407etr.com,123lo***,'Unknown'
gcoulter@407etr.com,9016,'Unknown'
gliang@407etr.com,marco**,'LinkedIn.com'
gmackenzie@407ETR.com,spenc****,'Unknown'
gmackenzie@407etr.com,407et******,'Unknown'
gwelches@407etr.com,Sc006*****,'LinkedIn.com'
hhasan@407etr.com,hughi**,'ftp.phrasebase.com'
imcgrego@407ETR.com,lexus*****,'Unknown'
kmann@407etr.com,6a0b4******************,'Unknown'
kmorris@407etr.com,NATHA*********,'Unknown'
ksack@407etr.com,penti****,'LinkedIn.com'
lloconte@407etr.com,ambro****,'Unknown'
lrivas@407etr.com,1saop*****,'LinkedIn.com'
ltempleton@407etr.com,ebony****,"'Bitly.com', 'Evite.com'"
mgraham@407etr.com,tyrel******,'Unknown'
mmiller@407etr.com,bufor**,'LinkedIn.com'
mnardi@407etr.com,highw***,'Unknown'
mnoonan@407ETR.com,mrsau***,'Unknown'
pbaldasaro@407etr.com,nicol*******,'Dubsmash.com'
pbuday@407ETR.com,Pamel****,'Unknown'
rluyk@407etr.com,cuntf******,'MySpace.com'
sberthel@407etr.com,frien***,'Unknown'
smann@407etr.com,407et**,'LinkedIn.com'
smcintyre@407ETR.com,emily****,'LinkedIn.com'
ssafari@407etr.com,shahl******,'Unknown'
sspencer@407etr.com,10yea******,'Unknown'
cirwin@407etr.com,Irwin*,'Unknown'
agero@407etr.com,spell**************,'healthylivingcalendars.com'
ldupont@407etr.com,autum******,'MyFitnessPal.com'
cwhite@407etr.com,jasmi***,'MyFitnessPal.com'
elombard@407etr.com,opera********,'MyFitnessPal.com'
gmackenzie@407etr.com,spenc**,'MyFitnessPal.com'
rbaldasaro@407etr.com,stins*******,'MyFitnessPal.com'
dkyte@407etr.com,scarf********,'8Tracks.com'
jstachowski@407etr.com,123za****,'long-mcquade.com'
adalessa@407etr.com,sarin**,'Evite.com'
mmcneil@407etr.com,72056*,'AdultFriendFinder'
rbaldasaro@407etr.com,37887*,'AdultFriendFinder'
jbanton@407etr.com,cjjet**,'MyHeritage.com'
kwillis@407etr.com,apple***,'Houzz.com'
cfaria@407etr.com,Cesar******,'Stealer Logs'
cfaria@407etr.com,Lucky****,'Stealer Logs'
slau@407etr.com,Winte*******,'Stealer Logs'
slau@407etr.com,Navig*******,'Stealer Logs'
exu@407etr.com,None,'Canva.com'
cobrien@407etr.com,None,'Canva.com'
jgalibert@407etr.com,None,'Canva.com'
amair@407etr.com,None,'Canva.com'
jcosentino@407etr.com,None,'Zynga.com'
mmiller@407etr.com,None,'Twitter.com (scraping data)'
meisen@407etr.com,None,'Duolingo.com'
