Email,Password,Sources
spare@411.ca,hayde**,'Unknown'
sghaedi@411.ca,1200e**,'MySpace.com'
ads@411.ca,kados***,'Unknown'
advertising@411.ca,theto**,'Unknown'
kgibson@411.ca,nicol**,'LinkedIn.com'
shasan@411.ca,Psych****,'Unknown'
shaun@411.ca,shaun*****,'Evony.com'
nromanchych@411.ca,27272**,'LinkedIn.com'
nromanchych@411.ca,catti*,'Unknown'
cwalker@411.ca,jnco6**,'Unknown'
cyeung@411.ca,Lyone*******,'Unknown'
farcede@411.ca,mayum**,'LinkedIn.com'
oles@411.ca,babas****,'Unknown'
cphillips@411.ca,golfi*****,'LinkedIn.com'
jgob@411.ca,warre***,'LinkedIn.com'
jhenry@411.ca,j3011******,'LinkedIn.com'
nhamilton@411.ca,a1234***,'MySpace.com'
brahgoshai@411.ca,toron******,'Unknown'
analim@411.ca,star1***,'Unknown'
apavlyuchyk@411.ca,peren***,'Unknown'
ceades@411.ca,Ceade****,'Unknown'
cmaclean@411.ca,663ki*****,'Unknown'
denys@411.ca,36295****,'Unknown'
dkalkounsi@411.ca,Passw*****,'Unknown'
dmuttoo@411.ca,sweet**,'LinkedIn.com'
gward@411.ca,kimor****,'Unknown'
itopey@411.ca,a1234***,'MySpace.com'
itopey@411.ca,itama***,'Unknown'
jennifer@411.ca,betha*****,'Unknown'
joppongababio@411.ca,boobo**,'LinkedIn.com'
jrogers@411.ca,87654****,'Unknown'
jrosa@411.ca,myn1l****,'LinkedIn.com'
jwedley@411.ca,a1234***,'MySpace.com'
mandy@411.ca,411.c**,'Neopets.com'
mandy@411.ca,BUNNY***************,'Neopets.com'
mandy@411.ca,ilove*********,'Neopets.com'
mandy@411.ca,passw*******,'Neopets.com'
mandy@411.ca,rozie****************,'Neopets.com'
mcosta@411.ca,miame****,'Unknown'
mlcurry@411.ca,mccab****,'Neopets.com'
mlcurry@411.ca,srt62*,'Neopets.com'
mnair@411.ca,48782***********,'LinkedIn.com'
mpilipenko@411.ca,sqlse**,'Unknown'
pavel@411.ca,koala***********,'Unknown'
plorusso@411.ca,seanp****,'LinkedIn.com'
scote@411.ca,weede**,'VK.com'
scote@411.ca,weede***,"'MySpace.com', 'Fling.com'"
shussain@411.ca,a9r41****,'Bitly.com'
skrishnaswamy@411.ca,Ilove****,'LinkedIn.com'
smcconnell@411.ca,628co******,'000webhost.com'
steve@411.ca,13131**,'LinkedIn.com'
steve@411.ca,13131****,'Unknown'
tthurairajah@411.ca,tharm******,'Unknown'
jennifer@411.ca,betha***,'Unknown'
cm@411.ca,macar******,"'Bitly.com', 'Disqus.com'"
cyeung@411.ca,dszqp******,'visionsource-drgall.com'
smcconnell@411.ca,66.21**********,'Unknown'
Cberridge@411.ca,appli********,'MyFitnessPal.com'
nromanchych@411.ca,chuml****,'Unknown'
jpednaud@411.ca,antae***,'Chegg.com'
asieukumar@411.ca,12345**,'Zynga.com'
ayorke@411.ca,Naslu***,'Omgpop'
olga@411.ca,Gf5Jm**,'LiveJournal'
jtrumble@411.ca,monda****,'ShareThis.com'
echacko@411.ca,suja2***,'Evite.com'
Steve@411.ca,penny****,'Zynga.com'
mpmallette@411.ca,malle*******,"'Canva.com', 'Promo.com'"
redwards@411.ca,Toron******,'123RF.com'
nsehnke@411.ca,ygk58**,'MyHeritage.com'
vtran@411.ca,12345**,'ClearVoiceSurveys.com'
tech@411.ca,sabri*******,'Slideteam.net'
ystsauveur@411.ca,stock**,'Zacks.com'
steve@411.ca,None,'Zynga.com'
jpednaud@411.ca,None,'Canva.com'
rscherer@411.ca,None,'Canva.com'
jmiller@411.ca,None,'Canva.com'
lmonnier@411.ca,None,'Canva.com'
ssecharan@411.ca,None,'Canva.com'
dthomas@411.ca,None,'Canva.com'
rflorea@411.ca,None,'Canva.com'
cfrost@411.ca,None,'Zynga.com'
shussain@411.ca,None,'Twitter.com (scraping data)'
ystsauveur@411.ca,None,'Twitter.com (scraping data)'
