Email,Password,Sources
g.maltby@4office.com,james****,'Unknown'
maggie.williams@4office.com,peace*****,'Unknown'
craig.wright@4office.com,raide***,'Unknown'
brandon.cordua@4office.com,curve*******,'Unknown'
allan.spurrell@4office.com,Ambre*****,'LinkedIn.com'
bill.grosch@4office.com,05050****,'Unknown'
bill.grosch@4office.com,encor**,'Unknown'
bill.grosch@4office.com,qwert***,'Unknown'
H.Lee@4office.com,golly****,'Unknown'
amanda.fox@4office.com,zacha***,'Unknown'
andrew.norgate@4office.com,busin******,'Unknown'
andrew.norgate@4office.com,druga***,'Unknown'
andrew.norgate@4office.com,print*******,'Unknown'
angelo.arone@4office.com,aaron****,'Unknown'
jordan.carlin@4office.com,finge*****,'hype1.com'
jordan.carlin@4office.com,sherd***,'Unknown'
mark.dambrose@4office.com,medon******,'Unknown'
msadowski@4office.com,blime**,'Unknown'
tarnone@4office.com,79494***********,'LinkedIn.com'
nicole.ferland@4office.com,copai****,'MyFitnessPal.com'
rosef@4office.com,rober*******,'MyFitnessPal.com'
donna.lucas@4office.com,doggy****,'Evite.com'
nicole.ferland@4office.com,carol***,'Evite.com'
spiperias@4office.com,lesli**,'Zacks.com'
bill.norgate@4office.com,democ******,'Zacks.com'
craig.wright@4office.com,None,'Zynga.com'
