Email,Password,Sources
kerline.usher@4point.com,804bc**,'Unknown'
kerline.usher@4point.com,june1******,'Unknown'
kevin.atkinson@4point.com,spunk**,'Unknown'
don.denovan@4point.com,DD@li*****,'Unknown'
adam.melong@4point.com,y8AG0****,'Collection 1'
richard.mcilroy@4point.com,Pa55w****,'Unknown'
richard.mcilroy@4point.com,naomi*****,'Unknown'
brian.donnelly@4point.com,Mushk****,'Unknown'
brian.henry@4Point.com,porsc******,'LinkedIn.com'
stephanie.gunning@4point.com,4poin**,'Unknown'
barrie.ellis@4point.com,assmb**,'Dropbox.com'
christina.macdonald@4point.com,googl**,'Unknown'
denis.parisien@4point.com,23119**,'Unknown'
fred.pantalone@4point.com,fred0***,'Unknown'
gil.meier@4point.com,nicol***,'Unknown'
helpdesk@4point.com,y8AG0****,'Unknown'
karen.mckernan@4point.com,Maddi****,'LinkedIn.com'
peter.marshall@4point.com,9255f**,'Unknown'
sarah.samplonius@4point.com,lysan*****,'Unknown'
scott.green@4point.com,Habs2*****,'Unknown'
steve.luke@4point.com,graci******,'LinkedIn.com'
hr@4point.com,roder****,'Unknown'
scott.zieglar@4point.com,windy****,'Animoto.com'
rodney.waugh@4point.com,waugh**,'MyHeritage.com'
dave.venance@4point.com,None,"'Zynga.com', 'Twitter.com (scraping data)'"
barrie.ellis@4point.com,None,'Twitter.com (scraping data)'
todd.brunsvold@4point.com,None,'Twitter.com (scraping data)'
