Email,Password,Sources
agrossman@4refuel.com,aimee****,'Unknown'
kbanfield@4refuel.com,Bluew*********,'LinkedIn.com'
bkemp@4refuel.com,prnd1**,'Unknown'
dpeters@4refuel.com,57575**,'unionlf.com'
kklopp@4refuel.com,Passw*****,'LinkedIn.com'
cwinterton@4refuel.com,smudg**,'LinkedIn.com'
CMcBroom@4refuel.com,4refu***,'Unknown'
SIoanna@4Refuel.com,15720***********,'LinkedIn.com'
aterpstra@4refuel.com,elite*****,'Unknown'
awinterton@4refuel.com,wizpi**,'Unknown'
cclinton@4refuel.com,skygo**,'Unknown'
cmcbroom@4refuel.com,Seatt****,'Unknown'
ddavie@4refuel.com,Diese***,'Unknown'
dethier@4refuel.com,KATT1****,'Unknown'
dhould@4refuel.com,ecuri**,'LinkedIn.com'
djennings@4Refuel.com,Passw*****,'Unknown'
dsmith@4refuel.com,Davin**,'Unknown'
dworthey@4refuel.com,4seat******,'MySpace.com'
etubbs@4refuel.com,curti******,'Unknown'
fbakewell@4refuel.com,woo,'Collection 1'
fbakewell@4refuel.com,wooki**,'Collection 1'
fmontalto@4refuel.com,Frank***,'Zoosk.com'
fmontalto@4refuel.com,nisha****,'Unknown'
fredbakewell@4refuel.com,wooki**,'Unknown'
jclee@4refuel.com,21212**,'Unknown'
jvaleriote@4refuel.com,volvo**,'Unknown'
lfourchalk@4refuel.com,deal0****,'LinkedIn.com'
mbogner@4refuel.com,cowbo***,'Last.fm'
mtamboer@4refuel.com,libby******,'Unknown'
nbogner@4Refuel.com,cowbo***,'Unknown'
phodges@4refuel.com,blade****,'Unknown'
rlucas@4Refuel.com,teres*****,'LinkedIn.com'
rlucas@4refuel.com,teres**,'Unknown'
rzanatta@4refuel.com,RZANA****,'Unknown'
sbuffone@4refuel.com,ARyWE*****,'Unknown'
sbuffone@4refuel.com,Sambo******,'Unknown'
swilson@4refuel.com,kendy**,'Unknown'
tthompson@4refuel.com,shant**,'LinkedIn.com'
vstrand@4refuel.com,mviol***,'Unknown'
mschyven@4refuel.com,sellm********,'Unknown'
dbarry@4refuel.com,Toron****,'Hautelook.com'
hrdept@4refuel.com,d952b**,'Unknown'
slarocque@4refuel.com,black****,'MyFitnessPal.com'
careers@4refuel.com,RFL45**,'Unknown'
kmcaleer@4refuel.com,Kathi**,'Unknown'
aconstantinidis@4refuel.com,bc456****,'MyFitnessPal.com'
jborsato@4refuel.com,chopp***,'MyFitnessPal.com'
jcgervais@4refuel.com,9396m****,'MyFitnessPal.com'
phodges@4refuel.com,bella*****,'Cafepress.com'
cbossert@4refuel.com,puppi*****,'Avvo.com'
APERINO@4REFUEL.COM,aMAND**,'Animoto.com'
bbarmi@4refuel.com,satsh*******,'Evite.com'
fmontalto@4refuel.com,4dz63*,'AdultFriendFinder'
wphillips@4refuel.com,n6n7w*,'AdultFriendFinder'
lgraham@4refuel.com,Dd456****,'Houzz.com'
lgraham@4refuel.com,None,'Wattpad.com'
