Email,Password,Sources
chantalb@4te.ca,4tein**,'LinkedIn.com'
tammyg@4te.ca,4499,'Unknown'
tammyg@4te.ca,conno*****,'Unknown'
nickj@4te.ca,sixat****,'LinkedIn.com'
EmilyC@4te.ca,babyb*****,'Unknown'
SarahR@4te.ca,bojan*****,'LinkedIn.com'
TzoofitH@4te.ca,georg*****,'Hautelook.com'
joew@4te.ca,1026***,'Disqus.com'
lindsayp@4te.ca,teddy**,'Hautelook.com'
michelinew@4te.ca,1GLoM************************,"'calligaris.at', 'calligaris.es'"
michelinew@4te.ca,botsw********,"'Houzz.com', 'Zomato.com'"
nikkis@4te.ca,robin*****,'Unknown'
vivn@4te.ca,02098**,'Unknown'
alisono@4te.ca,myown******,"'Hautelook.com', 'Evite.com'"
joew@4te.ca,1026,'Unknown'
lindsayp@4te.ca,teddy*,'Unknown'
michelinew@4te.ca,1GLoM******,'Unknown'
NikkiS@4te.ca,robin******,"'Hautelook.com', 'LinkedIn.com'"
nickjac@4te.ca,Nick1****,'8Tracks.com'
joew@4te.ca,None,'Disqus.com'
candiceg@4te.ca,None,'Canva.com'
4te@4te.ca,None,'Twitter.com (scraping data)'
michelinew@4te.ca,None,'Twitter.com (scraping data)'
