Email,Password,Sources
janap@4willis.com,w0ll0**,'Bitly.com'
janec@4willis.com,baile*****,'LinkedIn.com'
kellyb@4willis.com,chane*******,"'Dropbox.com', 'LinkedIn.com'"
rhondad@4willis.com,benny******,'LinkedIn.com'
nicholasp@4willis.com,amiid****,'Unknown'
brianc@4willis.com,jcjck****,'go-parts.com'
brigittek@4willis.com,bk915**,"'MyFitnessPal.com', 'Dropbox.com', 'LinkedIn.com'"
barbaral@4willis.com,willi****,'Unknown'
burlington_w@4willis.com,w0ll0**,'LinkedIn.com'
charlottec@4willis.com,marga****,"'LinkedIn.com', 'Wattpad.com'"
dallasg@4willis.com,lexus****,"'Dropbox.com', 'LinkedIn.com'"
jenv@4willis.com,w12ll****,'LinkedIn.com'
joshb@4willis.com,HC154****,'Unknown'
lynnj@4willis.com,Rebec***,'MyFitnessPal.com'
marcs@4willis.com,msg13***,'Unknown'
mikeh@4willis.com,30211***,'Houzz.com'
nancyb@4willis.com,sunli****,'LinkedIn.com'
pagej@4willis.com,linke******,'LinkedIn.com'
elenai@4willis.com,tusca*****,'MyFitnessPal.com'
brianc@4willis.com,76jcj******,'Unknown'
pagej@4willis.com,dropb*****,'Dropbox.com'
francesj@4willis.com,5819t****,"'Animoto.com', 'Evite.com'"
dallasg@4willis.com,Lexus*****,'Glofox.com'
stevej@4willis.com,n9q5q**,'MyHeritage.com'
kristai@4willis.com,Blue1****,'Parkmobile.io'
bronwynd@4willis.com,pooki****,'Houzz.com'
janap@4willis.com,None,'Canva.com'
bronwynd@4willis.com,None,'Canva.com'
johnt@4willis.com,None,'Zynga.com'
brianc@4willis.com,None,'Twitter.com (scraping data)'
brigittek@4willis.com,None,'Twitter.com (scraping data)'
dallasg@4willis.com,None,'Twitter.com (scraping data)'
francesj@4willis.com,None,'Twitter.com (scraping data)'
janap@4willis.com,None,'Twitter.com (scraping data)'
lynnj@4willis.com,None,'Twitter.com (scraping data)'
