Email,Password,Sources
randomusername@500px.com,ghjcn*****,'500px.com'
sharmanraghav@500px.com,12345**,'500px.com'
adam@500px.com,pamel****,'Unknown'
oleg+expotest1@500px.com,asdfa****,'Unknown'
oleg+iamsam2@500px.com,asdfa****,'Unknown'
oleg+test-ssl-signup@500px.com,asdfa****,'Unknown'
oleg@500px.com,xerxe****,'Unknown'
ricardo@500px.com,dev4l****,'Unknown'
alex@500px.com,VITal******,'Unknown'
andrey@500px.com,11219****,"'50interwebs.in.co', '500px.com'"
andrey@500px.com,pengu******,'Unknown'
arseniy@500px.com,phoen****,'Unknown'
ash@500px.com,php14****,'Unknown'
becky@500px.com,apple**,'Unknown'
cam@500px.com,tinso*******,'Unknown'
chebotarev@500px.com,ghjcn*****,'500px.com'
diana@500px.com,7837d****,"'Hautelook.com', 'Disqus.com'"
echebotarev@500px.com,ghjcn*****,'500px.com'
evgeny+500pxpx@500px.com,ghjcn*****,'Unknown'
evgeny@500px.com,scoob******,'Unknown'
evgeny@500px.com,x617g****,'LinkedIn.com'
evgueni@500px.com,ghjcn*****,'500px.com'
expotest@500px.com,expot****,'500px.com'
help@500px.com,sm150****,'Unknown'
ian+dhask@500px.com,x617g****,'50interwebs.in.co'
ian+hello@500px.com,ghjcn*****,'Unknown'
ian@500px.com,solem******,'Unknown'
info@500px.com,angel*,'500px.com'
info@500px.com,soulk******,'Unknown'
jen@500px.com,subtr****,'Unknown'
joel@500px.com,princ*****,"'50interwebs.in.co', '500px.com'"
moeed@500px.com,escal****,'Unknown'
nicole@500px.com,24468**,'Collection 1'
nicole@500px.com,janij****,'Collection 1'
ops@500px.com,asdfa****,'500px.com'
paddy@500px.com,L7np3****,'Unknown'
rezaan31@500px.com,sanas******,"'50interwebs.in.co', '500px.com'"
rjyatnrf@500px.com,likov******,'Unknown'
vadim@500px.com,spect****,'Disqus.com'
becky@500px.com,dillc****,'Unknown'
dhask@500px.com,x617g****,'Unknown'
evgeny@500px.com,ghjcn*****,"'Animoto.com', '500px.com'"
500pxpx@500px.com,ghjcn*****,'Unknown'
expotest1@500px.com,asdfa****,'Unknown'
hello@500px.com,ghjcn*****,'Unknown'
iamsam2@500px.com,asdfa****,'Unknown'
test-ssl-signup@500px.com,asdfa****,'Unknown'
hellotest@500px.com,ghjcn*****,'Unknown'
oleg@500px.com,ghjcn*****,'Unknown'
oleggutsol@500px.com,asdfa****,'Unknown'
supergroover@500px.com,ghjcn*****,'Unknown'
lorena@500px.com,santi****,'Houzz.com'
artlog@500px.com,wonde*******,'LiveJournal'
demin@500px.com,adal2****,'LiveJournal'
evgeny@500px.com,ecnhj**********,'LiveJournal'
info@500px.com,ghjcn***********,'LiveJournal'
oleg@500px.com,asdfa****,'500px.com'
ian@500px.com,x617g****,'500px.com'
ian@500px.com,ghjcn*****,'500px.com'
akim@500px.com,AkF@c******,'EyeEm.com'
karen@500px.com,None,'Canva.com'
tim@500px.com,None,'Canva.com'
klassy@500px.com,None,'Canva.com'
patrick@500px.com,None,'Canva.com'
bcarroll@500px.com,None,'Canva.com'
adri@500px.com,None,'Canva.com'
slash85@500px.com,None,'Canva.com'
dl@500px.com,None,"'Canva.com', 'Wattpad.com'"
cmerchan@500px.com,None,'Wattpad.com'
rommil@500px.com,None,'Wattpad.com'
adam@500px.com,None,'Twitter.com (scraping data)'
andrey@500px.com,None,'Twitter.com (scraping data)'
oleg@500px.com,None,'Twitter.com (scraping data)'
