Email,Password,Sources
susan@52pick-up.com,52PIC****,"'Collection 1', 'maryevans.com'"
susan@52pick-up.com,jane9****,'Houzz.com'
nick@52pick-up.com,desig****,'LinkedIn.com'
nick@52pick-up.com,s3x9c****,'Unknown'
Sarah@52pick-up.com,47415***,'Unknown'
sue@52pick-up.com,s0ref****,'Unknown'
melissa@52pick-up.com,55231**,'MyHeritage.com'
derek@52pick-up.com,picku**,'Houzz.com'
chris@52pick-up.com,picku**,'ShareThis.com'
marianne@52pick-up.com,1fkzt****,'ShareThis.com'
sandra@52pick-up.com,desig****,"'ShareThis.com', 'Sendpulse.com'"
streetcar@52pick-up.com,iv3=n****,'Unknown'
nick@52pick-up.com,None,'Twitter.com (scraping data)'
susan@52pick-up.com,None,'Twitter.com (scraping data)'
