Email,Password,Sources
susannah@640toronto.com,640to******,'Houzz.com'
danielle@640toronto.com,rosem*****,'Evite.com'
rbonnar@640toronto.com,epsil*****,'Unknown'
cchreston@640toronto.com,Valch********,'Unknown'
dan@640toronto.com,sawd8*********,'Unknown'
gbrady@640toronto.com,noel2****,'Unknown'
gord@640toronto.com,temp5***,'Unknown'
jennifer@640toronto.com,cleop*****,'Unknown'
jonas@640toronto.com,carte**,'Bitly.com'
marek@640toronto.com,game8***,'MySpace.com'
smccann@640toronto.com,44908***********,'LinkedIn.com'
syrett@640toronto.com,sa5sw*********,'Unknown'
tim@640toronto.com,brenn***,'Evite.com'
trigiani@640toronto.com,brine***,"'Houzz.com', 'CouponMom / ArmorGames', 'ClearVoiceSurveys.com'"
victor@640Toronto.com,toron***,'Whitepages.com'
reneed@640toronto.com,Skibu**,'Hautelook.com'
james@640toronto.com,5h17h****,'VampireFreaks.com'
rbonnar@640toronto.com,None,'Canva.com'
