Email,Password,Sources
abhishek.bansiwal@6degreesit.com,12345**,'Unknown'
harpreet.singh@6degreesit.com,nokia*****,'Unknown'
p.chitalkar@6degreesit.com,810c2**,'Zomato.com'
pchitalkar@6degreesit.com,810c2**,'Collection 1'
mali.khan@6degreesit.com,iosde********,'GameSalad.com'
Priyank.jain@6degreesit.com,6degr****,'ShareThis.com'
abhishek.shukla@6degreesit.com,6degr******,'Stealer Logs'
abhishek.shukla@6degreesit.com,Abhis****,'Stealer Logs'
abhishek.shukla@6degreesit.com,CY(3O********************,'Stealer Logs'
abhishek.shukla@6degreesit.com,M^Jc(********,'Stealer Logs'
abhishek.shukla@6degreesit.com,Serve*******,'Stealer Logs'
abhishek.shukla@6degreesit.com,Serve*******,'Stealer Logs'
anamica.sharma@6degreesit.com,Searc**************,'Stealer Logs'
anshul.chouhan@6degreesit.com,Vk@s@********,'Stealer Logs'
divya.doshi@6degreesit.com,9$qt7********************,'Stealer Logs'
divya.doshi@6degreesit.com,India*******,'Stealer Logs'
divya.doshi@6degreesit.com,KUyvg***********,'Stealer Logs'
divya.doshi@6degreesit.com,Serve********,'Stealer Logs'
divya.doshi@6degreesit.com,Serve*******,'Stealer Logs'
divya.doshi@6degreesit.com,divya****,'Stealer Logs'
divya.doshi@6degreesit.com,india******,'Stealer Logs'
p.chitalkar@6degreesit.com,GEhUr********,'Stealer Logs'
roshan.khan@6degreesit.com,Rosha********,'Stealer Logs'
roshan.khan@6degreesit.com,india******,'Stealer Logs'
roshan.khan@6degreesit.com,rosha**********,'Stealer Logs'
ankur.deshmukh@6degreesit.com,9a279******,'Stealer Logs'
ankur.deshmukh@6degreesit.com,QyuKO*******,'Stealer Logs'
ankur.deshmukh@6degreesit.com,india**,'Stealer Logs'
ankur.deshmukh@6degreesit.com,india*******,'Stealer Logs'
ankur.deshmukh@6degreesit.com,india******,'Stealer Logs'
rahul.patel@6degreesit.com,rahul*******,'Canva.com'
p.chitalkar@6degreesit.com,Pilot*****,'Hautelook.com'
abhishek.shukla@6degreesit.com,6D@al*****,'Stealer Logs'
cms.designer@6degreesit.com,team@****,'Stealer Logs'
abhishek.shukla@6degreesit.com,AS202*******,'Stealer Logs'
anshul.chouhan@6degreesit.com,tauru********,'Stealer Logs'
anshul.chouhan@6degreesit.com,tauru*********,'Stealer Logs'
p.chitalkar@6degreesit.com,None,"'Zynga.com', 'Disqus.com'"
nikhat.khan@6degreesit.com,None,'Canva.com'
ankit.tamhane@6degreesit.com,None,'Canva.com'
anurag.pawar@6degreesit.com,None,'Canva.com'
vaibhav.sharma@6degreesit.com,None,'Canva.com'
aarti.jaiswal@6degreesit.com,None,'Canva.com'
vineeta.sonone@6degreesit.com,None,'Canva.com'
pooja.gajwani@6degreesit.com,None,'Canva.com'
aditya.loat@6degreesit.com,None,'Canva.com'
bhuvnesh.mali@6degreesit.com,None,'Canva.com'
rahul.patel@6degreesit.com,None,'Canva.com'
harshita.shrivastava@6degreesit.com,None,'Canva.com'
kamalkant.trivedi@6degreesit.com,None,'Canva.com'
saumitra.ganguly@6degreesit.com,None,'Indiamart.com'
