Email,Password,Sources
cesarjulio1819@7l.com,julio*******,'iMesh.com'
shaddad@7l.com,Samso**,'Collection 1'
shaddad@7l.com,f8180*****,'Unknown'
shaddad@7l.com,sams,'Unknown'
shaddad@7l.com,samso*,'Unknown'
luis@7l.com,21139****,'Neopets.com'
luis@7l.com,23377*,'Neopets.com'
7@7l.com,12345*,'MySpace.com'
M56@7L.com,KL7KQ****,'Unknown'
cassius@7l.com,76677***,'Collection 1'
cassius@7l.com,76677****,'Last.fm'
dah@7l.com,baccu**,'Unknown'
dah@7l.com,ziffl**,'Unknown'
david@7L.com,Iam7L******,'LinkedIn.com'
david@7l.com,J1i2r******,'Webhostingtalk.com'
dolann@7l.com,eeray****,'Unknown'
m55@7l.com,x2684*****,'Unknown'
m56@7l.com,X2684****,'Collection 1'
m56@7l.com,x2684*****,'Unknown'
m57@7l.com,x2684*****,'Unknown'
mizbee@7l.com,beebe****,'Neopets.com'
mizbee@7l.com,mamaa*****,'Neopets.com'
mizbee@7l.com,percy*,'Neopets.com'
mizzbee@7l.com,lala!*,'Neopets.com'
mizzbee@7l.com,mizzb*****,'Neopets.com'
sales@7l.com,T6uLD*****,'Unknown'
sales@7l.com,T6uLD******,'Unknown'
info@7l.com,x2684*****,'Unknown'
eduardosalez@7l.com,85264*,'Strongholdkingdoms.com'
eduardosalez@7l.com,85265**,"'GameSprite.me', 'SwordFantasy'"
raquell@7l.com,381ur**,'MyHeritage.com'
eliastadeu@7l.com,elias******,'Dubsmash.com'
carlosjonathan@7l.com,12345**,'Canva.com'
azAZ0909@7l.com,luisf******,'Unknown'
LAURAREISS@7L.COM,None,'Canva.com'
carlosjonathan@7l.com,None,'Canva.com'
iasminstephanie@7l.com,None,'Wattpad.com'
