Email,Password,Sources
chris.ouzas@8020solutions.com,eurou***,'LinkedIn.com'
ray.williamson@8020solutions.com,memph***,'LinkedIn.com'
cynthia.lewis@8020solutions.com,79461**,'Unknown'
andrew.muroff@8020solutions.com,8020s*************,'Unknown'
cam.couch@8020solutions.com,cam80***,'Bitly.com'
jonathan.day-reiner@8020solutions.com,ag1ma**,'Unknown'
matt.nielsen@8020solutions.com,oakvi********,'Unknown'
michael.cho@8020solutions.com,bedro*****,'MySpace.com'
reiner@8020solutions.com,ag1ma**,'Unknown'
rodger.campbell@8020solutions.com,00000****,'Unknown'
roland.lopes@8020solutions.com,aaron****,'Unknown'
roland.lopes@8020solutions.com,sap87**,'Unknown'
colin.campbell@8020solutions.com,63aue*,'AdultFriendFinder'
colin@8020solutions.com,n3hdq*,'AdultFriendFinder'
shane.sincich@8020solutions.com,one4t****,'Animoto.com'
paul.bird@8020solutions.com,None,'Zynga.com'
tony.sidhu@8020solutions.com,None,'Zynga.com'
david.ball-quenneville@8020solutions.com,None,'Twitter.com (scraping data)'
