Email,Password,Sources
jamesj@9story.com,43Elw****,'Unknown'
jamiew@9story.com,jimpy****,'MySpace.com'
jazminp@9story.com,momis***********,'LinkedIn.com'
kirstinl@9story.com,OCEL2******,'Unknown'
kirstinl@9story.com,P2408*****,'Unknown'
kirstinl@9story.com,P2408******,'Unknown'
kirstinl@9story.com,kirst**,'Unknown'
kirstinl@9story.com,kirst****,'Unknown'
kirstyn@9story.com,9570r**,'MySpace.com'
maggiec@9story.com,jason***,'Unknown'
rickm@9story.com,tessa***********,'Unknown'
jillk@9story.com,Micke******,'Unknown'
jillk@9story.com,jillk*,'Unknown'
stephenk@9story.com,9stor**,'Unknown'
stephenk@9story.com,spadi***,"'Dropbox.com', 'Evite.com'"
9story@9story.com,9stor***,'Bitly.com'
federicov@9story.com,fedev******,'Unknown'
hongq@9story.com,cobbe**,'Unknown'
howardl@9story.com,exbed*****,'Unknown'
jennifera@9story.com,!,'Unknown'
jennifera@9story.com,S1025*****,'Unknown'
jennifera@9story.com,S1025******,'Unknown'
jennifera@9story.com,SNA84******,'Unknown'
jennifera@9story.com,jenni***,'Unknown'
jennifera@9story.com,jenni*****,'Unknown'
jenniferm@9story.com,CCM60******,'Unknown'
jenniferm@9story.com,S1075*****,'Unknown'
jenniferm@9story.com,S1075******,'Unknown'
jenniferm@9story.com,jenni***,'Unknown'
jenniferm@9story.com,jenni*****,'Unknown'
lilianav@9story.com,S8263*****,'Unknown'
lilianav@9story.com,S8263******,'Unknown'
lilianav@9story.com,TGOV1******,'Unknown'
lilianav@9story.com,lilia**,'Unknown'
lilianav@9story.com,lilia****,'Unknown'
meganl@9story.com,90572***,'Unknown'
miked@9story.com,bryan*,'Unknown'
natalied@9story.com,MUD50******,'Unknown'
natalied@9story.com,S1075*****,'Unknown'
natalied@9story.com,S1075******,'Collection 1'
natalied@9story.com,natal**,'Unknown'
natalied@9story.com,natal****,'Unknown'
natalieo@9story.com,OBSO0******,'Unknown'
natalieo@9story.com,S8263*****,'Unknown'
natalieo@9story.com,S8263******,'Collection 1'
natalieo@9story.com,clark**,'Collection 1'
natalieo@9story.com,natal**,'Unknown'
natalieo@9story.com,natal****,'Evite.com'
natalieo@9story.com,osbor****,'Unknown'
paulh@9story.com,noell***,'Unknown'
stevej@9story.com,jaros****,'Unknown'
stevej@9story.com,jaros***,'Unknown'
vince@9story.com,MOC66******,'Unknown'
vince@9story.com,S1061*****,'Unknown'
vince@9story.com,S1061******,'Collection 1'
vince@9story.com,vince*,'Unknown'
vincec@9story.com,comm9**,'Unknown'
vincec@9story.com,erica***,'Dropbox.com'
natalied@9story.com,zowmx******,'visionsource-drgall.com'
info@9story.com,wHEMM*******,'Unknown'
support@9story.com,wHEMM*******,'Unknown'
natalieo@9story.com,natky****,'MyFitnessPal.com'
candicec@9story.com,Winte**,'Unknown'
jayna.rana@9story.com,9Stor**,'Unknown'
jessicab@9story.com,elast****,'Cafepress.com'
tiam@9story.com,thump***,'Cafepress.com'
agustin.guevara@9story.com,lalol*****,'long-mcquade.com'
michelle.gallant@9story.com,9stor**,'long-mcquade.com'
pknair@9story.com,rbp63***,'Evite.com'
stevej@9story.com,19681****,'Evite.com'
meganl@9story.com,12345*****,'Glofox.com'
jennifer.ansley@9story.com,Duckm****,'123RF.com'
gurbakhsh.singhbining@9story.com,Namdh*****,'Stealer Logs'
gurbakhsh.singhbining@9story.com,Peach*******,'Stealer Logs'
maggiec@9story.com,None,'Zynga.com'
kathleen.bartlett@9story.com,None,'Canva.com'
michelle.awad@9story.com,None,'Canva.com'
gurbakhsh.singhbining@9story.com,None,'Canva.com'
