Email,Password,Sources
mike.montazer@9thco.com,1ba80**,'Unknown'
pavel.sotnikov@9thco.com,Build***********,'Unknown'
ron.sarweh@9thco.com,8uray****,'Unknown'
ron.sarweh@9thco.com,geary******,'Unknown'
mike.hendsbee@9thco.com,emici****,'corporatelivewire.com'
andrew.jacobson@9thco.com,wowvA**,'canadianbusinessdirectory.ca'
siamak.madandar@9thco.com,49749****,'ShareThis.com'
info@9thco.com,ilove******,'8Tracks.com'
pavel.sotnikov@9thco.com,None,'Canva.com'
catherine.chea@9thco.com,None,'Canva.com'
chantelle.ennis-charoo@9thco.com,None,'Canva.com'
ryan.mackellar@9thco.com,None,'Canva.com'
marvin.jobs@9thco.com,None,"'Canva.com', 'Pixlr.com'"
aristotle.eliopoulos@9thco.com,None,'Canva.com'
michal.ghobrial@9thco.com,None,'Canva.com'
alexandra.chronopoulos@9thco.com,None,'Canva.com'
