Email,Password,Sources
aae@aaeltd.com,3943,'Unknown'
aae@aaeltd.com,none3****,'Unknown'
adawson@aaeltd.com,qwert**,'Unknown'
adawson@aaeltd.com,qwert***,'Fling.com'
bahowe@aaeltd.com,bertr***,'Unknown'
bdawson@aaeltd.com,BD171***,'Unknown'
bdawson@aaeltd.com,jonan**,'Unknown'
mderoia@aaeltd.com,lippe**,"'Creocommunity.com', 'ConnectPress.com', 'Collection 1', 'catiacommunity.com', 'solidworkscommunity.com', 'jobs.connectpress.com'"
mgrant@aaeltd.com,5762e*********,'Unknown'
rmilligan@aaeltd.com,Rmill***************,'Unknown'
sperani@aaeltd.com,ms182****,"'Collection 1', 'borismiksic.net'"
srichardson@aaeltd.com,nikki****,"'LinkedIn.com', 'MySpace.com'"
sspencer@aaeltd.com,THINN***,'LinkedIn.com'
bhowe@aaeltd.com,X2j5R****,'Unknown'
gpatriquin@aaeltd.com,roger*****,'long-mcquade.com'
fmohammed@aaeltd.com,f123f****,'Webkinz'
esutej@aaeltd.com,telev******,'Evite.com'
nsampogna@aaeltd.com,busin****,'Evite.com'
MGRANT@AAELTD.COM,15162**,'Hautelook.com'
sperani@aaeltd.com,None,'Canva.com'
