Email,Password,Sources
chris@aalberstool.com,mxz67**,'Evite.com'
doug@aalberstool.com,aa641**,'MySpace.com'
dpittell@aalberstool.com,moldp****,'Unknown'
charlie@aalberstool.com,99101*,'Unknown'
charlie@aalberstool.com,cburt***,'Unknown'
charlie@aalberstool.com,none9*****,"'ConnectPress.com', 'jobs.connectpress.com'"
dthompson@aalberstool.com,Hoote***,'Unknown'
jennifer@aalberstool.com,96786*,'Unknown'
jennifer@aalberstool.com,none9*****,"'ConnectPress.com', 'jobs.connectpress.com'"
logistics@aalberstool.com,ABC12**,'LinkedIn.com'
hr@aalberstool.com,None,'Canva.com'
