Email,Password,Sources
jamesw@aareas.com,1120f*****,'Unknown'
annan@aareas.com,aarea*****,'Unknown'
cynthia@aareas.com,dolla******,'Unknown'
Mikeb@Aareas.com,aarea******,"'Dropbox.com', 'LinkedIn.com'"
andrewb@aareas.com,faigm****,'Unknown'
foysal@aareas.com,bs123******,'Bitly.com'
frankg@aareas.com,aarea*****,'Unknown'
frankg@aareas.com,tik00*****,'Unknown'
hr@aareas.com,lucky*******,"'Collection 1', 'atyourbusiness.com'"
jeffe@aareas.com,more1******,'MySpace.com'
mariod@aareas.com,Carla********,"'Houzz.com', 'Dropbox.com'"
mariod@aareas.com,Carla********,'Unknown'
marketing@aareas.com,aarea*****,'Disqus.com'
navias@aareas.com,11878**,'Unknown'
navias@aareas.com,none1******,"'ConnectPress.com', 'jobs.connectpress.com'"
sales@aareas.com,Aarea*****,'Unknown'
vguido@aareas.com,aarea**,'Unknown'
virgilc@aareas.com,airwa****,'Unknown'
weec@aareas.com,4iz7z**,'Unknown'
weec@aareas.com,e9hgr**,'Unknown'
weec@aareas.com,einno**,'Unknown'
weec@aareas.com,i5su4**,'Unknown'
weec@aareas.com,9vb3m**,'Unknown'
daniela@aareas.com,marke*****,'MyHeritage.com'
taof@aareas.com,rando**,'stockta.com'
jasonz@aareas.com,aarea**,'ShareThis.com'
tamal2@aareas.com,tamal****,'ShareThis.com'
sams@aareas.com,5fnaz*,'AdultFriendFinder'
frankg@aareas.com,Tik00********,'download1.mios.com'
vinceg@aareas.com,vince**,'Houzz.com'
taof@aareas.com,power*******,'Zacks.com'
marketing@aareas.com,None,'Twitter.com (scraping data)'
