Email,Password,Sources
csoares@aarkel.com,F9sV6*,'Unknown'
jallin@aarkel.com,jenni******,'Unknown'
kbechard@aarkel.com,KEVKC******,"'Creocommunity.com', 'ConnectPress.com', 'Collection 1', 'LinkedIn.com', 'catiacommunity.com', 'jobs.connectpress.com'"
kevinb@aarkel.com,KEVKC******,"'Creocommunity.com', 'ConnectPress.com', 'Collection 1', 'catiacommunity.com'"
randyb@aarkel.com,RBake***,'Unknown'
randyb@aarkel.com,edRBa*****,'Unknown'
kkilbride@aarkel.com,aS5MM*,'Unknown'
jimp@aarkel.com,p5322*****,'Unknown'
GREGL@aarkel.com,52948***********,'LinkedIn.com'
MichaelC@aarkel.com,77997****,'Unknown'
ScottH@aarkel.com,motor*******,'LinkedIn.com'
WayneA@aarkel.com,D8NQ7*,'Collection 1'
deannac@aarkel.com,shado**,'Unknown'
garyk@aarkel.com,95476*,'Unknown'
garyk@aarkel.com,none9*****,"'ConnectPress.com', 'jobs.connectpress.com'"
guillermoc@aarkel.com,mandi****,"'Creocommunity.com', 'ConnectPress.com', 'catiacommunity.com', 'jobs.connectpress.com'"
larryd@aarkel.com,laris***,'Unknown'
marism@aarkel.com,maris******,"'Creocommunity.com', 'ConnectPress.com', 'catiacommunity.com'"
miker@aarkel.com,miker*,"'Creocommunity.com', 'ConnectPress.com'"
robertc@aarkel.com,91803*,'Unknown'
robertc@aarkel.com,none9*****,"'ConnectPress.com', 'jobs.connectpress.com'"
robs@aarkel.com,lucky****,"'Creocommunity.com', 'ConnectPress.com', 'Collection 1', 'catiacommunity.com', 'solidworkscommunity.com'"
sjohnston@aarkel.com,widge**,"'dspolicyfind.ca', 'lddhs.ca'"
staceym@aarkel.com,jamie*,'dspolicyfind.ca'
twicks@aarkel.com,capta*************,'Mate1.com'
scottt@aarkel.com,trace**,'MyFitnessPal.com'
cbonyai@aarkel.com,cwwb0****,'lddhs.ca'
michaelc@aarkel.com,mjc77*,'iMesh.com'
astewart@aarkel.com,qarij**,'MyHeritage.com'
astewart@aarkel.com,roesc******,'Stealer Logs'
astewart@aarkel.com,None,'Twitter.com (scraping data)'
