Email,Password,Sources
sophie.henry@aastra.com,levie***,'Unknown'
sophie.sarkissian@aastra.com,42220**,'Unknown'
soren.logstrup@aastra.com,Augus******,'Unknown'
csawchuk@aastra.com,storm*,'Unknown'
cscholaert@aastra.com,1yell***,'MySpace.com'
cscholaert@aastra.com,notfr*****,'Unknown'
csmans@aastra.com,e3s8s****,'LinkedIn.com'
service-pbx@aastra.com,qy5mT****,'Unknown'
service.ch@aastra.com,20557*,'Bizbilla.com'
service.ch@aastra.com,2478f***************,'Unknown'
sezquerra@aastra.com,1746c***,'Unknown'
sfernandes@aastra.com,24jan*****,'Unknown'
sgross@aastra.com,T36ra****,'Unknown'
gabriel.unger@aastra.com,Zeiss*****,'Unknown'
gabriel.unger@aastra.com,crili**,'Unknown'
afreimuth@aastra.com,trust****,'Collection 1'
agodoy@aastra.com,03087**,'Jobandtalent.com'
agodoy@aastra.com,1402,'Fotoboom.com'
agodoy@aastra.com,46ec3************,'Unknown'
ahmet.altinova@aastra.com,C5P3Z*****,'Unknown'
marsha.propes@aastra.com,84053***********,'LinkedIn.com'
martin.schmiedt-siebenhaar@aastra.com,schmi***************,'Unknown'
martine.dondon@aastra.com,manas****,'news.webplanete.es'
jallain@aastra.com,10122********,'Unknown'
james.creel@aastra.com,m0ssr****,'LinkedIn.com'
james.lockett@aastra.com,Isabe******,'Unknown'
jan.akerman@aastra.com,jaa11**,'Unknown'
jan.persson@aastra.com,Ppppp****,'Unknown'
bo.stenlund@aastra.com,kridm****,'Unknown'
bo.victor.gottfridson@aastra.com,Somma****,'Unknown'
bob.harvatin@aastra.com,ite12***,'Unknown'
kwaelchli@aastra.com,dadal******,'Unknown'
kweber@aastra.com,mX3rC*****,'Collection 1'
kweber@aastra.com,mXrCM***,'Unknown'
kgopaul@aastra.com,LASVE****,'LinkedIn.com'
kgrieve@aastra.com,1e74e******,'Unknown'
ceschbach@aastra.com,cpbll******,'Unknown'
cfiore@aastra.com,te1cf**,'Unknown'
cgalli@aastra.com,ggfg0****,'Unknown'
cgrande@aastra.com,wijuv****,'Badoo.com'
charles.henderson@aastra.com,SyLmv***,'Unknown'
charles.henderson@aastra.com,SyLmv****,'Unknown'
kbroendsted@aastra.com,konge**,'Unknown'
elepeve@aastra.com,ericj***,'Unknown'
ken.lewis@aastra.com,Sk1mM*****,'Unknown'
kfan@aastra.com,rq827**,'Unknown'
tereza.terahata@aastra.com,namor****,'Unknown'
tero.silvennoinen@aastra.com,Kamer******,'Unknown'
teuvo.havikari@aastra.com,hifk8**,'Unknown'
tgregoire@aastra.com,espac**,'cavusvinifera.com'
rraju@aastra.com,shrey**,'LinkedIn.com'
rsellers@aastra.com,550en****,'Unknown'
rstagine@aastra.com,aastr******,'Unknown'
rufino.silva@aastra.com,3asco****,'LinkedIn.com'
christer.oberg@aastra.com,allan**,'Unknown'
bjorn.andersson@aastra.com,margi****,'LinkedIn.com'
bjorn.navemark@aastra.com,fet20***,'Unknown'
bjorn.rousk@aastra.com,19Ham********,"'Last.fm', 'Collection 1'"
bkingston@aastra.com,Mysha****,'Unknown'
blee@aastra.com,0IKKr******,'Unknown'
blee@aastra.com,bever*****,'iMesh.com'
blemoine@aastra.com,secre*****,'Unknown'
blindhjem@aastra.com,lindh****,'Unknown'
jason.robles@aastra.com,layla****,'Collection 1'
jason.tomanek@aastra.com,carme**,'Unknown'
dominique.dewilde@aastra.com,maryl***,'Unknown'
dominique.lefeuvre@aastra.com,dlf19***,'Unknown'
doug.brown@aastra.com,ddaws****,'Unknown'
dpoizat@aastra.com,900Kn****,'Unknown'
dpresse@aastra.com,FO6B5***,'Unknown'
edward.lambert@aastra.com,edd11**,'Unknown'
randy.craig@aastra.com,LomaV*****,'Unknown'
fgommeriel@aastra.com,eponi***,'LinkedIn.com'
fgut@aastra.com,3anni****,'LinkedIn.com'
sharrault@aastra.com,emyla******,'Unknown'
shawkes@aastra.com,1corn*****,'Collection 1'
shawkins@aastra.com,shawk****,'Unknown'
bruno.duppenthaler@aastra.com,12dud**,'Unknown'
bruno.gautier@aastra.com,esfbg***,'Unknown'
bschenk@aastra.com,w1r1Q****,'Unknown'
bseynaeve@aastra.com,aastr*****,'Unknown'
bthaarup@aastra.com,04jun******,'Zoosk.com'
nshan@aastra.com,china****,'Unknown'
ntaccia@aastra.com,NICO6**,'Collection 1'
nursan.erdinc.external@aastra.com,nursa**,'Unknown'
hscholaert@aastra.com,xipho**,"'Bitly.com', 'saveonlens.com'"
hsolbjorg@aastra.com,fowle****,'LinkedIn.com'
hwahbeh@aastra.com,qycaj****,'Badoo.com'
hxiao@aastra.com,jenni**********,'Unknown'
annalise.aeschbacher@aastra.com,xolun****,'Badoo.com'
anne.horn@aastra.com,Lotha******,'Unknown'
anne.meissner@aastra.com,winte******,'Unknown'
annika.hulten.johansson@aastra.com,Aastr*******,'Unknown'
annika.hulten.johansson@aastra.com,mapaq****,'Badoo.com'
antoine.lisse@aastra.com,poune**,'Unknown'
ludovic.dosch@aastra.com,manue***,'Unknown'
ludovic.viger@aastra.com,dloru*****,'Unknown'
luiz.rocha@aastra.com,utgan****,'Unknown'
valerie.chabbert-nosek@aastra.com,12345**,'LinkedIn.com'
van-khiet.vu@aastra.com,apple**,'LinkedIn.com'
vanja.sabanac@aastra.com,mosta****,'Unknown'
emontano@aastra.com,meviz****,'Badoo.com'
eric.kirchner@aastra.com,D,'Unknown'
eric.kirchner@aastra.com,D@nie****,'LinkedIn.com'
eric.lepeve@aastra.com,ericj***,'Unknown'
eric.pailhes@aastra.com,Robby*******,'Unknown'
erichner@aastra.com,mipob****,'Badoo.com'
daniel.ng@aastra.com,A9521****,'Unknown'
daniella.aguilar@aastra.com,aastr*****,'Unknown'
danselmi@aastra.com,ezwha****,'Unknown'
tammy.large@aastra.com,HR376****,'Unknown'
tammy.large@aastra.com,HR376*****,'LinkedIn.com'
rcooper@aastra.com,prove******,'Unknown'
rdemeyer@aastra.com,03086**,'Unknown'
tknoefel@aastra.com,21323****,'Unknown'
tknudsen@aastra.com,hjemm****,'Dropbox.com'
kirsten.schulz@aastra.com,marie*,'DFB.de'
customer-service.pt@aastra.com,dequd****,'Badoo.com'
cyril.bramat@aastra.com,17056**,'Unknown'
jjlopezandujar@aastra.com,12091****,'LinkedIn.com'
jjohn.marrero@aastra.com,lgjmg*****,'Fling.com'
jlebot@aastra.com,Anton***,'Unknown'
jmartinez@aastra.com,jomim******,'Taringa.net'
jmunoz@aastra.com,LAPIN*********,'Unknown'
jobsnl@aastra.com,op82r****,'Collection 1'
jodet@aastra.com,CV34i****,'Unknown'
magdalena.perez@aastra.com,maggi*********,'Unknown'
aabdollahzadeh@aastra.com,mohta****,'Unknown'
aastra.com@aastra.com,71416*,'Unknown'
aastra.com@aastra.com,ardro********,'Unknown'
aastra.com@aastra.com,supr5****,'Unknown'
abrett@aastra.com,89338****,'Unknown'
abrett@aastra.com,e2e7e**,'Unknown'
acassar@aastra.com,anton***,'Collection 1'
acassar@aastra.com,green****,'Unknown'
acassar@aastra.com,wow12***,'I-Dressup.com'
acattini@aastra.com,hunuj****,'Badoo.com'
malin.herzig@aastra.com,jupoj****,'Badoo.com'
malin.herzig@aastra.com,vatte**,'Unknown'
fabienne.kuczera@aastra.com,duqyl****,'Badoo.com'
fangles@aastra.com,fraan******,'Unknown'
zulema@aastra.com,wbula***,'Unknown'
cprat@aastra.com,An196****,'Badoo.com'
cprat@aastra.com,julie***,'MySpace.com'
craig.talburt@aastra.com,harle**,'Unknown'
crakgabeletsi@aastra.com,caswe****,'Unknown'
pascal.lharidon@aastra.com,tutur*****,'Unknown'
patric.oscarsson@aastra.com,etxpo***,'Unknown'
patricia.auzanneau@aastra.com,15476***,'Unknown'
patricia.auzanneau@aastra.com,Pogew****,"'Badoo.com', 'Zoosk.com'"
patti.leininger@aastra.com,whyno**,'Unknown'
rhermans@aastra.com,herm0****,'Unknown'
richard.bishop@aastra.com,Jasm1****,'Unknown'
richard.krekeler@aastra.com,brook***,'Unknown'
richard.olsson@aastra.com,bella****,'Unknown'
wolfgang.boehlke@aastra.com,wb591***,'Unknown'
wolfgang.perlich@aastra.com,Anga1****,'LinkedIn.com'
wperlino@aastra.com,windo***,'LinkedIn.com'
wphyo@aastra.com,24673*,'Unknown'
leandro.miquinioty@aastra.com,03019**,'Unknown'
lee.smith@aastra.com,s0l0t*****,"'Last.fm', 'Dropbox.com'"
lee.smith@aastra.com,s0l0t*******,'Unknown'
leif.isaksson@aastra.com,annik**,'Unknown'
lemiquinioty@aastra.com,03019**,'Unknown'
lena.walin.mikkelsen@aastra.com,Sista***,'Unknown'
jfetter@aastra.com,princ****,'Unknown'
jfetter@aastra.com,princ******,'MySpace.com'
jgaro@aastra.com,edsne****,'Unknown'
jgaro@aastra.com,garo,'Unknown'
jgaro@aastra.com,jdma9**,'Unknown'
jgeuens@aastra.com,Jimme****,'Unknown'
jhellan@aastra.com,olivi*****,'Unknown'
jim.drescher@aastra.com,henry***,'LinkedIn.com'
jim.koestler@aastra.com,prelu***,'Unknown'
nicolas.morice@aastra.com,70294***********,'LinkedIn.com'
brenda.griffiths@aastra.com,maddi**,'Unknown'
brian.epps@aastra.com,honda****,'Collection 1'
brian.lee@aastra.com,3solo******,'Unknown'
brisse-raud@aastra.com,risse***,'Badoo.com'
brisse-raud@aastra.com,risse****,'MySpace.com'
stefan.melin@aastra.com,kaktu**,'Unknown'
stefan.wirlander@aastra.com,piven****,'Badoo.com'
stephane.angelot@aastra.com,bidou*****,'Unknown'
stephanie.terrades@aastra.com,qives****,'Badoo.com'
sam.chang@aastra.com,timch****,'Unknown'
Astra@Aastra.com,Ckfde*****,'VK.com'
JTobia@aastra.com,21271****,'Unknown'
Joe.Oreilly@aastra.com,aifri***,'Unknown'
Kelly.swindon@aastra.com,Milli******,'Unknown'
Kristofer.Lundgren@aastra.com,lathu***,"'Last.fm', 'LinkedIn.com'"
Martin.Gesslbauer@aastra.com,@dm1n****,'Unknown'
SSingh@aastra.com,SJAS2****,"'MyFitnessPal.com', 'LinkedIn.com'"
Steve.Johnson@aastra.com,david****,'LinkedIn.com'
aippolito@aastra.com,17081****,'LinkedIn.com'
alan.young@aastra.com,whyme****,'Unknown'
alban.decroi.external@aastra.com,46262***********,'LinkedIn.com'
alban.decroi.external@aastra.com,50303***********,'Unknown'
albano.macedo@aastra.com,nsa0n****,'Unknown'
amasino@aastra.com,aastr**,'Bitly.com'
amiranda@aastra.com,gojyn****,'Badoo.com'
amonteiro@aastra.com,xenon***,'Unknown'
amueller@aastra.com,coool*****,'Twitter.com'
anders.nathanson@aastra.com,Mistr*****,'LinkedIn.com'
anders.olsson@aastra.com,lepra****,'Unknown'
anders.thomasson@aastra.com,Spinn*****,'Unknown'
andrea.gierok@aastra.com,Marc_****,'Unknown'
andreas.jansson@aastra.com,Bond0****,'Unknown'
andreas.szameit@aastra.com,aip1s****,'Dropbox.com'
andy.feng@aastra.com,zaq1x****,'LinkedIn.com'
andy.morris@aastra.com,chr15*****,'Unknown'
aostrop@aastra.com,aogat***,'Unknown'
aparaiso@aastra.com,parai*****,'Unknown'
aparisi@aastra.com,kalah****,'LinkedIn.com'
aperrin@aastra.com,lobul****,'Badoo.com'
arasmussen@aastra.com,SPLIN******,'Unknown'
arne.miler@aastra.com,misch**,'Unknown'
arne.pedersen@aastra.com,Aastr*****,'Unknown'
asa.parlered@aastra.com,easap***,'Unknown'
aspaxman@aastra.com,angry******,'Unknown'
atarenzi@aastra.com,sioux***,'LinkedIn.com'
awang@aastra.com,cana2****,'LinkedIn.com'
awarren@aastra.com,harry****,'LinkedIn.com'
bart.huygh@aastra.com,elias*****,'Unknown'
bbiria@aastra.com,testp********,'Unknown'
bboettcher@aastra.com,ferke***,'Unknown'
bcook@aastra.com,BC363**,'Unknown'
bdoninelli@aastra.com,Pizzo*********,'LinkedIn.com'
becky.duncan@aastra.com,drp3p****,'Unknown'
bernard.etchenagucia@aastra.com,vacan****,'Unknown'
bernd.kattner@aastra.com,6409b************,'Unknown'
bernd.schroeder@aastra.com,reinb***,'Unknown'
bev.marsh@aastra.com,acant****,'Unknown'
beverleymartin@aastra.com,vodka*******,'Unknown'
bfischer@aastra.com,Rauch*******,'Unknown'
bhusson@aastra.com,bubu9**,'Unknown'
boris.wogatzki@aastra.com,lover***,'Unknown'
bprobst@aastra.com,Linke*******,'Unknown'
burkhart.boettcher@aastra.com,Tapir*****,'Unknown'
carina.bohlin@aastra.com,wanda****,'Unknown'
carina.svensk@aastra.com,6076m***,'Unknown'
carina.svensk@aastra.com,Solve********,'Unknown'
carina.svensk@aastra.com,oge,'Collection 1'
carina.svensk@aastra.com,ogeED****,'Collection 1'
carina.svensk@aastra.com,pelle***,'Collection 1'
carina.svensk@aastra.com,pussg*****,'Unknown'
carl.eschbach@aastra.com,cesch**,'Unknown'
cary.ellis@aastra.com,manda**,'Last.fm'
cbruckner@aastra.com,26Rik*****,'LinkedIn.com'
cchambon@aastra.com,gonyt****,'Badoo.com'
cchamy@aastra.com,timot***,'Unknown'
cees.rutten@aastra.com,cyrel*****,'Unknown'
charlotte.banning@aastra.com,jgtli***,'Unknown'
chek.ming.cheng@aastra.com,30888*,'Unknown'
christophe.chamy@aastra.com,timot***,'Collection 1'
cjacques@aastra.com,CJA16***,'Unknown'
ckaran@aastra.com,madra****,'LinkedIn.com'
claes.kolare@aastra.com,2008M******,"'Bitly.com', 'Last.fm'"
claire.gilbert@aastra.com,74cgi****,'Unknown'
clopez@aastra.com,0242c**,"'Cafepress.com', 'Collection 1', 'Evite.com', 'esp.kmpfurniture.com'"
clopez@aastra.com,7zd9i**,'Unknown'
clopez@aastra.com,8azpx**,'Unknown'
clopez@aastra.com,9wckr**,'Unknown'
clopez@aastra.com,qdvgh**,'Unknown'
clopez@aastra.com,u1ggk**,'Unknown'
clopez@aastra.com,vcwcs**,'Collection 1'
clopez@aastra.com,ylt7e**,'Unknown'
clopz@aastra.com,0242c**,'Unknown'
cmoreira@aastra.com,cmore*******,'Unknown'
cnoguerales@aastra.com,chapu*******,'Unknown'
connie.rivas@aastra.com,8220t****,'Unknown'
connie.smith@aastra.com,rasca****,'Unknown'
dandjelic@aastra.com,erics****,"'MyHeritage.com', 'Zoosk.com'"
dandjelic@aastra.com,the_a*****************,'Unknown'
dave.alley@aastra.com,aaron****,'Collection 1'
david.chambers@aastra.com,22319****,'PPCGeeks.com'
david.chambers@aastra.com,dc200******,"'Collection 1', 'elecite.com'"
david.chambers@aastra.com,ldccd***,'LinkedIn.com'
david.chambers@aastra.com,sk84l****,'Collection 1'
david.grooters@aastra.com,Blue0*******,'Unknown'
david.hovenden@aastra.com,00001****,'Unknown'
david.meermans@aastra.com,david*****,"'Disqus.com', 'realtimepublishers.com', 'alura.net'"
dawn.higgs@aastra.com,topaz***,'MySpace.com'
ddebeaucorps@aastra.com,92949**,'Unknown'
ddewilde@aastra.com,maryl***,'Unknown'
ddumitrescu@aastra.com,andra**,'Unknown'
debora.bechtloff@aastra.com,skipp****,'Unknown'
denise.doucette@aastra.com,patty*****,'Unknown'
dennis.taylor@aastra.com,dmt53***,'Unknown'
dhage@aastra.com,tiggy***,'Unknown'
dhillier@aastra.com,321ar*****,'Unknown'
dhillier@aastra.com,aastr*****,'Last.fm'
dhillier@aastra.com,aastr******,'Unknown'
dhillier@aastra.com,daveh****,'MoDaCo.com'
dhillier@aastra.com,dhill**********************,'Unknown'
dhillier@aastra.com,dhill***********************,'Unknown'
dmhuegli@aastra.com,DjuO2*,'TintenProfi.ch'
drodriguez@aastra.com,celia**,'Unknown'
dsiegrist@aastra.com,macab**,'Unknown'
dvesa@aastra.com,lll20***,'LinkedIn.com'
eackerman@aastra.com,lucky*****,'Unknown'
eblanc@aastra.com,Tak72******,'Unknown'
eboner@aastra.com,branc**,'Collection 1'
echan@aastra.com,aastr**,'Unknown'
ellen.stewart@aastra.com,iceco***,'LinkedIn.com'
emelie.johansson@aastra.com,Vesuv****,'Unknown'
emma.bjorkman@aastra.com,emma7****,'Unknown'
erik.holthe@aastra.com,skjet******,'LinkedIn.com'
estehlin@aastra.com,manu0**,'Unknown'
eva.benckert@aastra.com,alica****,'Unknown'
f.geerts@aastra.com,ardro********,'Unknown'
fassmann@aastra.com,retai****,'LinkedIn.com'
fboone@aastra.com,Suh36*****,'Unknown'
fdenizer@aastra.com,alber**,'LinkedIn.com'
flecygne@aastra.com,Postp******,'Unknown'
fmartin@aastra.com,FSJ28*****,'Unknown'
fnatarelli@aastra.com,elio2******,'Unknown'
francis.idzkowski@aastra.com,natal***,'MySpace.com'
franckmartin@aastra.com,supr5****,'LinkedIn.com'
francois.angles@aastra.com,fraan******,'Unknown'
fred.bearden@aastra.com,06151****,'Unknown'
frederic.archimbaud@aastra.com,20079**,'Unknown'
frederic.bouvet@aastra.com,70903**,'Unknown'
frederic.schilton@aastra.com,1ham3****,'Unknown'
fredrik.thunberg@aastra.com,frogl****,'Unknown'
fschilton@aastra.com,Tango******,'Unknown'
fshen@aastra.com,Aastr**,'Unknown'
gantoine@aastra.com,wilyl****,'Badoo.com'
gcoetzee@aastra.com,hf5zd****,'Unknown'
gcoetzee@aastra.com,lenie*****,'Unknown'
gcognet@aastra.com,12ina*****,'Unknown'
geir.asskildt@aastra.com,anett**,'Unknown'
gerard.leppers@aastra.com,pa3cr**,'Unknown'
gerard.viennet@aastra.com,5750,'Unknown'
gescot@aastra.com,gfpa0**,'Unknown'
gilbert.escot@aastra.com,gfpa0****,'Unknown'
gindino@aastra.com,choco*****,'Unknown'
gkreis@aastra.com,aastr*****,'Unknown'
gkreis@aastra.com,toni1**,'Unknown'
gmoedbeck@aastra.com,xizih****,'Badoo.com'
gnepita@aastra.com,nep19***,'Unknown'
godislbrian.epps@aastra.com,honda****,'Unknown'
gosia.luszpinska@aastra.com,otare**,'LinkedIn.com'
graeme.allan@aastra.com,18299*,'Unknown'
greg.mason@aastra.com,2747,'Unknown'
gsandoval@aastra.com,darin***,'LinkedIn.com'
guenter.herb@aastra.com,verve**,'Unknown'
guenter.kutschan@aastra.com,P936R**,'Unknown'
gviennet@aastra.com,GV451**,'Unknown'
hans.leemans@aastra.com,04HAN*****,'Unknown'
harald.bremer@aastra.com,Monst****,'Disqus.com'
harry.nordberg@aastra.com,Koral*****,'Unknown'
havard.strom@aastra.com,kalle*******,'LinkedIn.com'
hbonnes@aastra.com,33Giv*****,'Unknown'
hcelik@aastra.com,defne*,'Unknown'
helena.jonson@aastra.com,hejj5****,'Unknown'
helge.hauglund@aastra.com,etohe**,'LinkedIn.com'
henning.gmerek@aastra.com,daijo****,'Unknown'
hewald@aastra.com,10997***,'Unknown'
hleong@aastra.com,camer**,'Unknown'
hlindberg@aastra.com,321aa*****,'LinkedIn.com'
hmiftari@aastra.com,isak2********,'Unknown'
hmorin@aastra.com,so311***,'Unknown'
hobrien@aastra.com,hobri****,'Unknown'
hr.jobs@aastra.com,AASTR****,'Moneyman.org'
ilona.masche@aastra.com,94020**,'Unknown'
info.mx@aastra.com,info.***,'Unknown'
info.mx@aastra.com,info.******,'Collection 1'
info.ru@aastra.com,66215**,'Unknown'
info.ru@aastra.com,71416*,'chelyabinsk-gid.info'
info_se@aastra.com,Aastr******,'LinkedIn.com'
ipaquet@aastra.com,Loulo**,'Unknown'
isabelle.neret@aastra.com,conIg****,'Unknown'
isaintgilles@aastra.com,0ISG0****,'Unknown'
iseguinkritchmar@aastra.com,jyfex****,'Badoo.com'
ivar.dahl@aastra.com,01asd****,'LinkedIn.com'
jMartin@aastra.com,je251**,'Unknown'
jacinto.iwato@aastra.com,jacin***,'LinkedIn.com'
jacintoiwato@aastra.com,jacin***,'Unknown'
jbarbe@aastra.com,bures***,'LinkedIn.com'
jcailloux@aastra.com,jyhyw****,'Badoo.com'
jcamperiginestet@aastra.com,c7asK****,'Unknown'
jchan@aastra.com,60981**,'review33.com'
jcmartin@aastra.com,miwyt****,'Badoo.com'
jdaval@aastra.com,adeli***,'Unknown'
jdehouck@aastra.com,wibyn****,'Badoo.com'
jdias@aastra.com,12345**,'Evony.com'
jdias@aastra.com,komon****,'Badoo.com'
jean.montel@aastra.com,JEA20***,'Unknown'
jean.montel@aastra.com,bnkuf*,'Unknown'
jeff.johnson@aastra.com,wende***,'Collection 1'
jeff.johnson@aastra.com,zabal***,'Unknown'
jengelhard@aastra.com,offli*****,'Unknown'
jerome.cartiaux@aastra.com,jcx11***,'Unknown'
jessica.olsson@aastra.com,himuv****,'Badoo.com'
joe.o.reilly@aastra.com,11139***,'Unknown'
joe.o.reilly@aastra.com,aifri***,'Unknown'
joe.o.reilly@aastra.com,pefib****,"'Badoo.com', 'Zoosk.com'"
johan.holmqvist@Aastra.com,digge******,'Unknown'
john.bechtloff@aastra.com,passw****,'LinkedIn.com'
john.binkley@aastra.com,garre***,'Unknown'
john.marrero@aastra.com,First***,'Unknown'
john.vantiel@aastra.com,zita0**,'Unknown'
jonas.carlson@aastra.com,EbbaC****,"'Bitly.com', 'LinkedIn.com'"
jonatan.frisinger.external@aastra.com,Ester***,'Unknown'
jparaiso@aastra.com,jep_6****,'Unknown'
jraymond@aastra.com,Melis*****,'Unknown'
jreime@aastra.com,mad44***,'MySpace.com'
jrengbrandt@aastra.com,link1****,'Unknown'
jrezaei@aastra.com,arshi*****,'Unknown'
jtardieu@aastra.com,Pm123***,'Unknown'
jtielmann@aastra.com,fsb-g****,'LinkedIn.com'
jtobia@aastra.com,aastr******,'Unknown'
juanjose.amoraga@aastra.com,baske**,'LinkedIn.com'
julie.hyland@aastra.com,aastr******,'Unknown'
julie.hyland@aastra.com,angel**,'LinkedIn.com'
jvaroqui@aastra.com,ptmc/****,'Unknown'
jwaefler@aastra.com,38482***,'Unknown'
kandersson@aastra.com,76kan**********,'LinkedIn.com'
kandersson@aastra.com,johan***,'Unknown'
kandersson@aastra.com,viggo**,'Unknown'
karim.loukili@aastra.com,ironm******,'Unknown'
kathryn.puopolo@aastra.com,kate7**,'Unknown'
kl.wong@aastra.com,tiger*****,'Unknown'
kmelotte@aastra.com,scher********,'Unknown'
kmukhopadhyay@aastra.com,Aastr******,'LinkedIn.com'
kmukhopadhyay@aastra.com,Aastr******,'Unknown'
knielsen@aastra.com,knhn6****,'Unknown'
kswindon@aastra.com,Aastr*********,'Unknown'
kurt.faszholz@aastra.com,mynex***,'Unknown'
lance.mccall@aastra.com,s3min****,'Unknown'
lars.norman@aastra.com,David*****,'Unknown'
lars.priebe@aastra.com,09190****,'Unknown'
laura.burlazzi@aastra.com,kanku****,'Unknown'
laurent.bizos@aastra.com,bizos*,'Unknown'
lbizos@aastra.com,Kali1**,'Unknown'
lbizos@aastra.com,LAU20***,'Unknown'
lcampanile@aastra.com,5757-*********,'Unknown'
lceccarelli@aastra.com,rufus**********,'LinkedIn.com'
lfagundes@aastra.com,16757**,'Unknown'
linda.kyle@aastra.com,randa***,'Unknown'
lisa.loftice@aastra.com,count******,'Unknown'
lisa.martin@aastra.com,leaha******,'MySpace.com'
lmadelaine@aastra.com,63lma***,'Unknown'
lmiquinioty@aastra.com,03019**,'Unknown'
loic.froment@aastra.com,1sxgc*****,'Unknown'
lori.strubbe@aastra.com,vb56m****,'Collection 1'
lotta.nybleus@aastra.com,Lovis**,'Unknown'
lphillips@aastra.com,marti**,'LinkedIn.com'
marcio.martins@aastra.com,mamva****,'LinkedIn.com'
marco.bergamo@aastra.com,porra**,'Unknown'
marcus.junthe@aastra.com,marcu**,'LinkedIn.com'
mardelean@aastra.com,baiam****,'LinkedIn.com'
marius.solea@aastra.com,Dgm99*****,'Unknown'
marocha@aastra.com,tisun****,'Badoo.com'
mats.hoglander@aastra.com,mortn***,'LinkedIn.com'
matt.kirby@aastra.com,p0rns****,'MySpace.com'
matt.kirby@aastra.com,share********,'Unknown'
mattias.andersson@aastra.com,mandr****,'LinkedIn.com'
max.jouchims@aastra.com,!Q2w3****,'Unknown'
mazzarto@aastra.com,99mus*****,'Unknown'
mborloz@aastra.com,Trist*******,'LinkedIn.com'
mcalvert@aastra.com,Ih1gf***,'Unknown'
mcrispim@aastra.com,24121****,'Unknown'
mderungs@aastra.com,Wasse****,'Unknown'
media.au@aastra.com,Aastr*****,'Bitly.com'
meggenschwiler@aastra.com,bakev****,'Badoo.com'
melissa.morse@aastra.com,f650g**,'Unknown'
meskina@aastra.com,terac******,'Unknown'
mfeeney@aastra.com,moore**,'Unknown'
mfloetotto@aastra.com,48722************,'Unknown'
mfloetotto@aastra.com,Sonne*******,'Unknown'
mgarcia@aastra.com,yo196**,'Unknown'
mgouin@aastra.com,floth******,'LinkedIn.com'
mgouin@aastra.com,xykec****,'Badoo.com'
mhandley@aastra.com,H15ex******,'Unknown'
mheller@aastra.com,Twin,'Unknown'
mheller@aastra.com,Twin#**,'Unknown'
mheller@aastra.com,rmari**,'Unknown'
michael.embry@aastra.com,embry*****,'MySpace.com'
michael.embry@aastra.com,pplie****,'Collection 1'
michel.cardiet@aastra.com,marti***,'Unknown'
michel.felic@aastra.com,rbyre**,'Unknown'
mikael.altinger@aastra.com,madde**,'Unknown'
mikael.andersson@aastra.com,simul**,'Unknown'
mikael.forstrom@aastra.com,lmf08***,"'MyHeritage.com', 'LinkedIn.com'"
mike.asseff@aastra.com,amand***,'MySpace.com'
mike.ballantine@aastra.com,mike1****,'Unknown'
mker@aastra.com,briml***,'Unknown'
mkerr1@aastra.com,bluef***,'Unknown'
mkerr@aastra.com,bluef***,'Collection 1'
mkerr@aastra.com,bluef****,'Unknown'
mliver@aastra.com,11087**,'Collection 1'
mmonteirojr@aastra.com,99669**,'LinkedIn.com'
mmorrison@aastra.com,7366d****************,'Unknown'
mnguyen@aastra.com,newho****,'Unknown'
mnovello@aastra.com,icema****,'Unknown'
mnovello@aastra.com,ivoar********,'Unknown'
mnovello@aastra.com,kyzyd****,'Badoo.com'
mnovello@aastra.com,melis*****,'MySpace.com'
monica.fredriksen@aastra.com,georg***,'Unknown'
mqueval@aastra.com,72557***********,'LinkedIn.com'
mrademacher@aastra.com,eg004****,'Unknown'
mschavinsky@aastra.com,maert*******,'Parapa.mail.ru'
msteele@aastra.com,marle****,'Unknown'
mstettler@aastra.com,1miss****,'Collection 1'
mstettler@aastra.com,missi****,'Unknown'
msunstrum@aastra.com,aastr**,"'Elance.com', 'Collection 1'"
mszekeres@aastra.com,magya**,'LinkedIn.com'
muhammad.ali.syed@aastra.com,augus****,'Unknown'
muribe@aastra.com,bubu0****,'Unknown'
muribe@aastra.com,marti****,'Collection 1'
muribe@aastra.com,mu230**,'MySpace.com'
mverdure@aastra.com,galin*****,'Unknown'
mzhang@aastra.com,aastr**,'Unknown'
nabiteboul@aastra.com,ja05z****,'Unknown'
nancy.holley@aastra.com,juneb***,'Unknown'
natalie.arce@aastra.com,coron*****,'Unknown'
ndyer@aastra.com,f9a0e****************,'Unknown'
niklas.andersson@aastra.com,nyhuj****,'Badoo.com'
nkamel@aastra.com,aliya**,'Unknown'
nmorice@aastra.com,rafae**,'Unknown'
nmorice@aastra.com,somef****,"'Badoo.com', 'Zoosk.com'"
obrechbuehl@aastra.com,olive****,"'Creocommunity.com', 'ConnectPress.com', 'Collection 1', 'catiacommunity.com', 'jobs.connectpress.com'"
ocassado@aastra.com,14857*,'Unknown'
ogao@aastra.com,ovgw7****,'Unknown'
olof.kallander@aastra.com,zappa****,'Unknown'
omariette@aastra.com,SI1no*****,'Unknown'
pandraschko@aastra.com,salwi*****,'Telefon-Treff.de'
paul.wied@aastra.com,bmwr1****,'Badoo.com'
pboudigou@aastra.com,julia***,'Unknown'
pbriard@aastra.com,hekar****,'Badoo.com'
pchoffat@aastra.com,wugul****,'Badoo.com'
pcooke@aastra.com,mcken****,'Rgbdirect.co.uk'
pdelmas@aastra.com,mdpfi***,'Unknown'
peggy.williams@aastra.com,bless*****,'LinkedIn.com'
per-anders.melander@aastra.com,gurkf****,'Unknown'
per.agnesson@aastra.com,bwcp7***,'Unknown'
per.sternas@aastra.com,SeaWi***,'LinkedIn.com'
peter.friedsam@aastra.com,nixis****,'MyHeritage.com'
peter.knittel@aastra.com,ninac****,'Unknown'
philippe.lejeune@aastra.com,19087****,'Unknown'
philippe.pallardy@aastra.com,PhP21***,'Unknown'
philippe.varrache@aastra.com,lea9m*****,'Unknown'
plaguionie@aastra.com,phl12***,'Unknown'
plahaye@aastra.com,les3g****,'Unknown'
plejeune@aastra.com,19087****,'MyHeritage.com'
plharidon@aastra.com,payas**,'LinkedIn.com'
plilja@aastra.com,7as75**,'Unknown'
plilja@aastra.com,aastr*****,'Unknown'
plopes@aastra.com,Magda**,'Unknown'
pmazza@aastra.com,norte******,'Unknown'
pmenon@aastra.com,aastr*****,'LinkedIn.com'
pmikkelsen@aastra.com,1qazs***,'LinkedIn.com'
pnash@aastra.com,pa55w****,'Unknown'
qpaul@aastra.com,zevb3******,'Unknown'
reginaldo.ferreira@aastra.com,lucas***,'Unknown'
renee.brosow@aastra.com,Hoste******,'Unknown'
resellers@aastra.com,tudac****,'Unknown'
reynaldo.mendoza@aastra.com,11201****,'Unknown'
rlaval@aastra.com,URPPD****,'Unknown'
rlhopitallier@aastra.com,axell****,'Collection 1'
rmanuguerra@aastra.com,marzo***,'Unknown'
rmay@aastra.com,milli****,'Unknown'
rmerre@aastra.com,VXT91****,'Unknown'
robert.wininger@aastra.com,77435***********,'LinkedIn.com'
robingador@aastra.com,Walla*****,'LinkedIn.com'
roger.hage@aastra.com,50b63**,'Unknown'
roger.hage@aastra.com,76dac**,'Unknown'
roger.hage@aastra.com,alexa*****,'Bitly.com'
roger.hage@aastra.com,edc41**,'Unknown'
roger.pettersson@aastra.com,Alfet********,'LinkedIn.com'
romeo.vinante.external@aastra.com,maggi****,'Unknown'
rosalynn.may@aastra.com,milli****,'Unknown'
sales_ssa@aastra.com,ZaHeG*****,'Collection 1'
sales_ssa@aastra.com,ambit****,'Unknown'
sbeebe@aastra.com,baile***,'Unknown'
sboom@aastra.com,rs0lu********,'Unknown'
scott.hammann@aastra.com,53,'Unknown'
scott.hammann@aastra.com,acts2***,'Unknown'
sduboulay@aastra.com,dsted****,'LinkedIn.com'
sdurand@aastra.com,Nante*****,'Unknown'
sem.andersson@aastra.com,semli*******,'LinkedIn.com'
senthil.kumar@aastra.com,67453*****,'Unknown'
sergey.matrosov@aastra.com,bzNh,'Unknown'
siacoviello@aastra.com,rainb*****,'Unknown'
sima.elkayam@aastra.com,Vinte****,'Unknown'
simon.farrance@aastra.com,Passw****,'LinkedIn.com'
sirpa.teras@aastra.com,kaits****,'Unknown'
siv.rosen@aastra.com,20Kis***,'Unknown'
siv.rosen@aastra.com,20Kis****,'LinkedIn.com'
smckenzie@aastra.com,1214s****,'Collection 1'
smckenzie@aastra.com,1214s********************,'Collection 1'
smeierbeer@aastra.com,96889****,'Unknown'
smerlo@aastra.com,Sasch*******,'LinkedIn.com'
spigeot@aastra.com,Laure****,'Unknown'
squinton@aastra.com,sandr****,'Unknown'
sterrades@aastra.com,01106****,'Unknown'
steve.fielder@aastra.com,12Jul******,'Unknown'
swilson@aastra.com,sophi******,'Unknown'
sylvie.mary@aastra.com,Ramse**,'Unknown'
szueger@aastra.com,Black*********,'Unknown'
tblunk@aastra.com,10997*,'Unknown'
therese.hedenskog@aastra.com,Ricka*****,'LinkedIn.com'
thierry.mingat@aastra.com,bfthi*****,'Unknown'
thierry.mingat@aastra.com,thier***,'Unknown'
thomas.jensen@aastra.com,thoma**,'Unknown'
thomas.koeppe@aastra.com,esty3****,'Unknown'
thomas.toifl@aastra.com,flori****,'LinkedIn.com'
thulliger@aastra.com,Hongk******,'LinkedIn.com'
tim.whittington@aastra.com,70964****,'Last.fm'
tina.b.knudsen@aastra.com,hjemm****,'Unknown'
tomasz.lodzinski@aastra.com,1leso****,'Last.fm'
tony.persson@aastra.com,junki**,'Unknown'
tony.pettersson@aastra.com,fuckE***,'Unknown'
tperret@aastra.com,font1****,'LinkedIn.com'
tqing@aastra.com,78120**,'Unknown'
tracy.venters@aastra.com,aastr******,'Bitly.com'
troy.martin@aastra.com,wylie******,'Unknown'
tscholaert@aastra.com,a,'Unknown'
tscholaert@aastra.com,a@str*****,'LinkedIn.com'
tshen@aastra.com,aastr******,'Unknown'
ttai@aastra.com,taix8****,'Unknown'
tuwe.ohlson@aastra.com,amand**,'LinkedIn.com'
ublatter@aastra.com,dino1**,'Unknown'
ublatter@aastra.com,dino2**,'LinkedIn.com'
ulf.sodermark@aastra.com,inger****,'Unknown'
ulf.yvling@aastra.com,70030******,'LinkedIn.com'
ulrika.holmqvist.external@aastra.com,zacka******,'Unknown'
ulrika.holmqvist@aastra.com,zacka******,'Unknown'
vasiliy.knyazev@aastra.com,r5v2i****,'Unknown'
victor.becerra@aastra.com,Er1cs****,'Unknown'
vinny.catelotti@aastra.com,92716**,'Unknown'
viv.singh@aastra.com,4cric******,'MySpace.com'
viv.singh@aastra.com,4cric*******,'Unknown'
vmezea@aastra.com,NOIRD*****,'LinkedIn.com'
vmogoutchaia@aastra.com,lyuda****,'Unknown'
vperquia@aastra.com,EgEg2****,'Unknown'
vperquia@aastra.com,Video*******,'Unknown'
vperquia@aastra.com,bitaa*****,'Bitly.com'
vperquia@aastra.com,linke*****,'Unknown'
vsingh@aastra.com,crick*****,'Unknown'
wagner.perlino@aastra.com,windo***,'Unknown'
wbulach@aastra.com,zulem**,'DFB.de'
wendell.cowan@aastra.com,wende***,'Collection 1'
xcasas@aastra.com,Espa,'Unknown'
xcasas@aastra.com,Espa?**,'Unknown'
yann.guivarch@aastra.com,S29am****,'MySpace.com'
yguivarch@aastra.com,leelo**,'Unknown'
ypetrov@aastra.com,zaecm***,'Collection 1'
yvette.pasquier@aastra.com,Vende****,'Unknown'
yvette.pasquiezr@aastra.com,Vende****,'Unknown'
zdenek.skarka@aastra.com,58uh9****,'Unknown'
zdenka.markic@aastra.com,briju*******,'Unknown'
zina.thomas@aastra.com,tiger****,'Unknown'
yann.houmaire@aastra.com,cecil**,'Unknown'
clopez@aastra.com,eibkc**,'Unknown'
fpettinari@aastra.com,fabio*****,'Unknown'
mark.balzaretti@aastra.com,solot*****,'Unknown'
rvandenheuvel@aastra.com,aastr****,'verhage.sliedrechtnet.nl'
amousavian@aastra.com,3fe8e************,'Unknown'
cverdier@aastra.com,28e44****,'Unknown'
jgaro@aastra.com,c1a7f****,'Unknown'
kleung@aastra.com,7cda9************,'Unknown'
mcardiet@aastra.com,f3211****,'Unknown'
rfuller@aastra.com,7e8b8************,'Unknown'
wkung@aastra.com,7693f************,'Unknown'
yguivarch@aastra.com,28219****,'Unknown'
roger.hage@aastra.com,edc41*,'Unknown'
becky.duncan@aastra.com,Smile****,"'Hautelook.com', 'Evite.com'"
lashon.mclendon@aastra.com,faith*****,'Hautelook.com'
sterrades@aastra.com,ccgWz***,'Unknown'
sales_ssa@aastra.com,stohm**,'Unknown'
sunny.strain@aastra.com,cente*****,'MyFitnessPal.com'
daguilar@aastra.com,62937*,'Unknown'
adam.roach@aastra.com,men0r****,'MyFitnessPal.com'
melissa.lyons@aastra.com,mlyon******,'MyFitnessPal.com'
zina.thomas@aastra.com,tiger**,'MyFitnessPal.com'
michael@aastra.com,swimm****,'8Tracks.com'
gzanini@aastra.com,caval*****,'tecnolatte.it'
lgiordano@aastra.com,72fef**,'MyHeritage.com'
cvera@aastra.com,veran**,"'Cafepress.com', 'Evite.com'"
jmathys@aastra.com,cikca****,'danasoft.com'
sam.prentice@aastra.com,morci****,'danasoft.com'
jgillioz@aastra.com,attil**,'Dropbox.com'
albano.macedo@aastra.com,ebcal*****,'Estantevirtual.com.br'
amiranda@aastra.com,alvar****,'MyHeritage.com'
hschoombee@aastra.com,Hercu*****,'MyHeritage.com'
jesper.ryderberg@aastra.com,tride***,'MyHeritage.com'
lars.fuchs@aastra.com,Vinte****,'MyHeritage.com'
aspaxman@aastra.com,krame***,'trikiklo.com'
michael@aastra.com,packe****,"'StockX.com', '8Tracks.com'"
vortega@aastra.com,vorte***,'Dropbox.com'
joel.andersson@aastra.com,marke****,'ShareThis.com'
marketing_se@aastra.com,marke****,'ShareThis.com'
szueger@aastra.com,black****,'ShareThis.com'
cj.fitzgerald@aastra.com,ilove******,'Evite.com'
ed.willey@aastra.com,flemm****,'Evite.com'
lisa.martin@aastra.com,harli**,'Evite.com'
mabbott@aastra.com,webbe****,'Evite.com'
marsha.propes@aastra.com,pictu****,'Evite.com'
nrohatgi@aastra.com,drish***,'Evite.com'
troy.martin@aastra.com,tbone**,'Evite.com'
slogstrup@aastra.com,Hund2****,'AlpineReplay.com'
ecanizares@aastra.com,ernes*****,'HTCMania.com'
lance.mccall@aastra.com,A@str******,'123RF.com'
tdeelstra@aastra.com,Tijde******,'123RF.com'
betchenagucia@aastra.com,casto*****,'123RF.com'
dpoliet@aastra.com,tripl**,'123RF.com'
amcclelland@aastra.com,54676*,'AdultFriendFinder'
gbisio@aastra.com,5cwqf*,'AdultFriendFinder'
jdias@aastra.com,z7wsw*,'AdultFriendFinder'
pveenhoff@aastra.com,wuhkr*,'AdultFriendFinder'
alvaro.miranda@aastra.com,ijm1u**,'MyHeritage.com'
charlotte.egman@aastra.com,iiug1**,'MyHeritage.com'
hkernen@aastra.com,ecfj6**,'MyHeritage.com'
marion.floetotto@aastra.com,oaji0**,'MyHeritage.com'
mmattke@aastra.com,pebg5**,'MyHeritage.com'
cabad@aastra.com,smart***,'Bigbasket.com'
mgomez@aastra.com,maria*******,'HTCMania.com'
bgalasso@aastra.com,P65BU******,'ClearVoiceSurveys.com'
john.marrero@aastra.com,19765**,'ClearVoiceSurveys.com'
blindhjem@aastra.com,27bli*******,'Disqus.com'
ssnow@aastra.com,zukyp**,'Dropbox.com'
fple@aastra.com,Milou*****,'Dropbox.com'
cgrande@aastra.com,SUECI**,'Exvagos.com'
mwippern@aastra.com,dayso*******,'JeepForum.com'
mgomez@aastra.com,maria*******,'Exvagos.com'
richard.carroll@aastra.com,resol****,'Zacks.com'
ddumitrescu@aastra.com,ecoko*****,'Zacks.com'
joe.c@aastra.com,Megar********,'Zacks.com'
blindhjem@aastra.com,None,'Disqus.com'
jlebot@aastra.com,None,'Canva.com'
cprat@aastra.com,None,'Disqus.com'
claes.kolare@aastra.com,None,'Disqus.com'
david.grooters@aastra.com,None,'Disqus.com'
greg.mason@aastra.com,None,'Zynga.com'
pmazza@aastra.com,None,'Zynga.com'
rmay@aastra.com,None,'Disqus.com'
victor.becerra@aastra.com,None,'Wattpad.com'
adam.roach@aastra.com,None,'Zynga.com'
alvaro.miranda@aastra.com,None,'Canva.com'
albano.macedo@aastra.com,None,'Twitter.com (scraping data)'
amasino@aastra.com,None,'Twitter.com (scraping data)'
bev.marsh@aastra.com,None,'Twitter.com (scraping data)'
ctavera@aastra.com,None,'Twitter.com (scraping data)'
david.chambers@aastra.com,None,'Twitter.com (scraping data)'
david.meermans@aastra.com,None,'Twitter.com (scraping data)'
ekwan@aastra.com,None,'Twitter.com (scraping data)'
emontano@aastra.com,None,'Twitter.com (scraping data)'
eric.kirchner@aastra.com,None,'Twitter.com (scraping data)'
fgutierrez@aastra.com,None,'Twitter.com (scraping data)'
geir.asskildt@aastra.com,None,'Twitter.com (scraping data)'
jguerrero@aastra.com,None,'Twitter.com (scraping data)'
jlebot@aastra.com,None,'Twitter.com (scraping data)'
joe.o.reilly@aastra.com,None,'Twitter.com (scraping data)'
jpthe@aastra.com,None,'Twitter.com (scraping data)'
kweber@aastra.com,None,'Twitter.com (scraping data)'
lee.smith@aastra.com,None,'Twitter.com (scraping data)'
marketing.br@aastra.com,None,'Twitter.com (scraping data)'
mpage@aastra.com,None,'Twitter.com (scraping data)'
muribe@aastra.com,None,'Twitter.com (scraping data)'
per-anders.melander@aastra.com,None,'Twitter.com (scraping data)'
philippe.lejeune@aastra.com,None,'Twitter.com (scraping data)'
plejeune@aastra.com,None,'Twitter.com (scraping data)'
sterrades@aastra.com,None,'Twitter.com (scraping data)'
