Email,Password,Sources
kerry.mcdonald@aaxelinsurance.com,Melbu*****,'Unknown'
inder.madan@aaxelinsurance.com,kanwa*****,'LinkedIn.com'
les.gill@aaxelinsurance.com,dacry**,'LinkedIn.com'
marie.rumbolt@aaxelinsurance.com,aaxel****,'Unknown'
paul.mann@aaxelinsurance.com,nAVNE*******,'Unknown'
paul.spark@aaxelinsurance.com,sigmo***,'Unknown'
raj.suri@aaxelinsurance.com,Raj20****,'Unknown'
umesh.mehta@aaxelinsurance.com,sonus****,'LinkedIn.com'
rojer.hope@aaxelinsurance.com,wowyc**,'canadianbusinessdirectory.ca'
surinder.kaushal@aaxelinsurance.com,Y59Hx*****,'Stealer Logs'
financial@aaxelinsurance.com,None,'Canva.com'
