Email,Password,Sources
randy@abbeywoodmoving.com,495sh****,'Fling.com'
randy@abbeywoodmoving.com,baile**,'Unknown'
fred@abbeywoodmoving.com,!!!!f***********,'Unknown'
fred@abbeywoodmoving.com,!fred*****,'Unknown'
fred@abbeywoodmoving.com,-fred*****,'Unknown'
fred@abbeywoodmoving.com,Fred0****,'LinkedIn.com'
fred@abbeywoodmoving.com,_fred*****,'Unknown'
fred@abbeywoodmoving.com,fred-*****,'Unknown'
fred@abbeywoodmoving.com,fred0***,'Unknown'
fred@abbeywoodmoving.com,fred0*******,'Unknown'
fred@abbeywoodmoving.com,fred0*******,'Unknown'
fred@abbeywoodmoving.com,fred0********,'Unknown'
fred@abbeywoodmoving.com,fred0********,'Unknown'
fred@abbeywoodmoving.com,fred0********,'Unknown'
fred@abbeywoodmoving.com,fred0********,'Unknown'
fred@abbeywoodmoving.com,fred0********,'Unknown'
fred@abbeywoodmoving.com,fred0********,'Unknown'
fred@abbeywoodmoving.com,fred0********,'Unknown'
fred@abbeywoodmoving.com,fred0********,'Unknown'
fred@abbeywoodmoving.com,fred0********,'Unknown'
fred@abbeywoodmoving.com,fred0*******,'Unknown'
fred@abbeywoodmoving.com,fred0********,'Unknown'
fred@abbeywoodmoving.com,fred0*******,'Unknown'
fred@abbeywoodmoving.com,fred_*****,'Unknown'
fred@abbeywoodmoving.com,red08***,'Unknown'
wally@abbeywoodmoving.com,FUNFU*****,'Unknown'
jacki@abbeywoodmoving.com,AJ748**,'Unknown'
fred@abbeywoodmoving.com,None,'Canva.com'
nathan@abbeywoodmoving.com,None,'Zynga.com'
