Email,Password,Sources
mary.r@abbottcollection.com,robbi**,'Unknown'
sharon.p@abbottcollection.com,545Ab*****,'Unknown'
rebecca.s@abbottcollection.com,*1991****,'LinkedIn.com'
christina.l@abbottcollection.com,clois***,'Evite.com'
jody.a@abbottcollection.com,Ll141****,'Unknown'
jody.a@abbottcollection.com,Zz141****,'Unknown'
livia.p@abbottcollection.com,livia*******,'Unknown'
matthew.b@abbottcollection.com,r3GIM****,'LinkedIn.com'
paul.a@abbottcollection.com,Lmurp*****,'Unknown'
paul@abbottcollection.com,archi***,'MySpace.com'
paula.r@abbottcollection.com,PRabb*****,'LinkedIn.com'
peter.d@abbottcollection.com,JULY2****,'Collection 1'
peter.d@abbottcollection.com,july2**,'Unknown'
vic.p@abbottcollection.com,vlacm******,'LinkedIn.com'
claudia.c@abbottcollection.com,clace****,'Houzz.com'
freddy.a@abbottcollection.com,passw******,'Houzz.com'
livia.p@abbottcollection.com,23561**,'Evite.com'
jody.a@abbottcollection.com,None,'Canva.com'
paula.r@abbottcollection.com,None,'Disqus.com'
