Email,Password,Sources
aoliveira@abclifeliteracy.ca,liter*****,'Bitly.com'
apopovic@abclifeliteracy.ca,Liter*****,'en.careers.essentialskillsgroup.com'
aswanson@abclifeliteracy.ca,liter*****,"'en.cscsc.essentialskillsgroup.com', 'en.careers.essentialskillsgroup.com'"
info@abclifeliteracy.ca,liter*****,'Bitly.com'
lturner@abclifeliteracy.ca,liter****,'LinkedIn.com'
intern@abclifeliteracy.ca,cp5bk****,'123RF.com'
aoliveira@abclifeliteracy.ca,None,'Canva.com'
intern@abclifeliteracy.ca,None,'Canva.com'
anichollongtin@abclifeliteracy.ca,None,'Canva.com'
eruthkelly@abclifeliteracy.ca,None,'Canva.com'
escheer@abclifeliteracy.ca,None,'Canva.com'
pbishop@abclifeliteracy.ca,None,'Canva.com'
pmccabe@abclifeliteracy.ca,None,'Canva.com'
info@abclifeliteracy.ca,None,'Twitter.com (scraping data)'
