Email,Password,Sources
annette@abcogroup.ca,sean4****,'Unknown'
cindyc@abcogroup.ca,50715****,'Collection 1'
frank@abcogroup.ca,karle**,'Unknown'
cindyc@abcogroup.ca,1900w****,'MyFitnessPal.com'
judy@abcogroup.ca,consi***,'Animoto.com'
iainl@abcogroup.ca,bagpi****,'Unknown'
johnm@abcogroup.ca,molso****,'Unknown'
khel@abcogroup.ca,iamag*******,'Unknown'
len@abcogroup.ca,nghth*****,'Unknown'
maryam@abcogroup.ca,Milto*****,'Unknown'
mikea@abcogroup.ca,Miche*******,'Unknown'
mikemccallum@abcogroup.ca,mike1****,'Unknown'
nathan@abcogroup.ca,sasha****,'Unknown'
terry@abcogroup.ca,a0310*****,'Unknown'
admin@abcogroup.ca,abco0****,'ShareThis.com'
frank@abcogroup.ca,karle****,"'StockX.com', '8Tracks.com'"
eric@abcogroup.ca,t77wp**,'MyHeritage.com'
mmenzies@abcogroup.ca,n6jld**,'MyHeritage.com'
frank@abcogroup.ca,None,'Twitter.com (scraping data)'
