Email,Password,Sources
anthonyh@abelsoft.com,antma***,'Unknown'
Glennp@abelsoft.com,Skywa*****,'Unknown'
djordjed@abelsoft.com,djord***,'VBForums.com'
johns@abelsoft.com,Ontar***,'Unknown'
lorim@abelsoft.com,smuck*,'Unknown'
manjup@abelsoft.com,MvpAy**,'Unknown'
victorT@abelsoft.com,95896****,'Unknown'
vjk@abelsoft.com,e357e**,'Unknown'
mathieug@abelsoft.com,ahrim***,'Edaboard.com'
derekm@abelsoft.com,leonh****,'ShareThis.com'
john@abelsoft.com,passw*****,"'StockX.com', '8Tracks.com'"
john@abelsoft.com,None,'Twitter.com (scraping data)'
