Email,Password,Sources
sgraff@abellgroup.com,plot7**,'Unknown'
bmackillop@abellgroup.com,rober******,'Unknown'
kgiberson@abellgroup.com,CRAIG*,'Unknown'
kcrane@abellgroup.com,linke******,'Unknown'
kfinlan@abellgroup.com,putte**,'LinkedIn.com'
rsawyer@abellgroup.com,Piggg******,'Unknown'
pastesiano@abellgroup.com,cv0sp***,"'ShareThis.com', 'Collection 1'"
ricktroy@abellgroup.com,59570***********,'LinkedIn.com'
jhughes@abellgroup.com,718yu****,'Evony.com'
Jvalencia@abellgroup.com,32900***********,'LinkedIn.com'
asoudant@abellgroup.com,shurc*****,'Unknown'
dbondy@abellgroup.com,dusan****,'Unknown'
hrcanada@abellgroup.com,fhf8n****,'jobwich.com'
jabell@abellgroup.com,aehcm***,'LinkedIn.com'
mgenua@abellgroup.com,jagua**,'Unknown'
mgibson@abellgroup.com,zapho**,'Unknown'
mheimbach@abellgroup.com,Winte******,'Unknown'
mroder@abellgroup.com,cowbo***,'Unknown'
pcoleman@abellgroup.com,0sm0u****,'Collection 1'
rmcanally@abellgroup.com,trump***,'MajorGeeks.com'
smorreale@abellgroup.com,65465***,'Unknown'
smorreale@abellgroup.com,65465****,'Unknown'
spercival@abellgroup.com,2yyP,'Collection 1'
asoudant@abellgroup.com,armor******,"'ArmorGames.com', 'CouponMom / ArmorGames'"
senns@abellgroup.com,ennse****,'MyFitnessPal.com'
hbutera@abellgroup.com,babyj****,'MyFitnessPal.com'
mmasterson@abellgroup.com,saili****,'MyFitnessPal.com'
sbishop@abellgroup.com,norto**,'MyFitnessPal.com'
sbradford@abellgroup.com,duran*****,'Cafepress.com'
cgriffin@abellgroup.com,lawye****,'Avvo.com'
hlanctot@abellgroup.com,12345**,'Houzz.com'
websales@abellgroup.com,12345**,'Houzz.com'
chamilton@abellgroup.com,favre*,'Evite.com'
fwithnall@abellgroup.com,sedon**,'Evite.com'
jweedon@abellgroup.com,jahrs*****,'Evite.com'
rgroves@abellgroup.com,sxzk2**,'MyHeritage.com'
mstanley@abellgroup.com,Sprin****,'Parkmobile.io'
jdavis@abellgroup.com,Skull******,'Stealer Logs'
jgonzalez@abellgroup.com,Cejit*******,'Stealer Logs'
jldavis@abellgroup.com,Nenas******,'Stealer Logs'
krobert@abellgroup.com,2004N********,'Stealer Logs'
tsanders@abellgroup.com,Abell****,'Stealer Logs'
krobert@abellgroup.com,Celno*****,'Stealer Logs'
sgraff@abellgroup.com,None,'Wattpad.com'
ilowe@abellgroup.com,None,'Twitter.com (scraping data)'
Jvalencia@abellgroup.com,None,'Twitter.com (scraping data)'
pastesiano@abellgroup.com,None,'Twitter.com (scraping data)'
