Email,Password,Sources
susan.fow@aberger.com,dummi***,'Unknown'
susan.pavicic@aberger.com,kula7**,'Unknown'
abdul.malik@aberger.com,78945*****,'Unknown'
abi.maintenance@aberger.com,ehusi**,'Unknown'
richard.harrison@aberger.com,q2293***,'Unknown'
sam.reimer@aberger.com,70504***********,'LinkedIn.com'
alexander.berger@aberger.com,Fucku**,'Unknown'
claus.essenwanger@aberger.com,claus*****,'LinkedIn.com'
elvir.husic@aberger.com,mocil****,'Unknown'
george.serb@aberger.com,gserb***,'Unknown'
info@aberger.com,berge**,'Unknown'
mike.fyfe@aberger.com,h7821***,'Unknown'
renae.mcbee@aberger.com,gaffn*****,'MySpace.com'
victor.johnson@aberger.com,daylo**,'Unknown'
patricia.ricci@aberger.com,peach******,'MyFitnessPal.com'
