Email,Password,Sources
kberger@aberger.de,93710******,'Unknown'
rbaur@aberger.de,01069**,'Unknown'
rbaur@aberger.de,12069**,'Unknown'
a-k.kniggendorf@aberger.de,PdrdW*****,"'39maido.com', 'hddhelp.com'"
anickel@aberger.de,va71y****,'Collection 1'
berger-holding@aberger.de,15675*,'Bizbilla.com'
bht@aberger.de,18179*,'DFB.de'
chunger@aberger.de,maure**,'Unknown'
gdemmeler@aberger.de,mumie*****,'Unknown'
manuelafuehrer@aberger.de,PM102*****,'Unknown'
mdistel@aberger.de,123gr***,'Collection 1'
mschindele@aberger.de,wette**,'Unknown'
pipefianickel@aberger.de,va71y****,'Collection 1'
rnagel@aberger.de,berge**,'Unknown'
sbasler@aberger.de,Stefa****,'Unknown'
vkoka@aberger.de,10577*,'Unknown'
cneu@aberger.de,arbei***********,'Unknown'
anne.reinfelder@aberger.de,Sophi******,'Shein.com'
areinfelder@aberger.de,Sophi******,'Shein.com'
