Email,Password,Sources
kfeatherstone@abigroup.ca,jerem*****,'Disqus.com'
dproud@abigroup.ca,green*****,'Unknown'
mallen@abigroup.ca,nicol****,'Evite.com'
penglish@abigroup.ca,Allen*******,'Evite.com'
scosentino@abigroup.ca,advan*****,'Unknown'
scosentino@abigroup.ca,clint***,'Unknown'
scosentino@abigroup.ca,purul******,'Unknown'
skelley@abigroup.ca,RAIDE****,'Unknown'
dproud@abigroup.ca,gr33n*****,'Unknown'
gblair@abigroup.ca,gblai****,'Unknown'
kfeatherstone@abigroup.ca,uda5u****,'Unknown'
mallen@abigroup.ca,geqen****,'Unknown'
penglish@abigroup.ca,aru7a****,'Unknown'
psaucier@abigroup.ca,ebyse****,'Unknown'
raposoc@abigroup.ca,energ***,'Unknown'
sarial@abigroup.ca,jacob******,'MyFitnessPal.com'
sbatten@abigroup.ca,ppwpz*,'AdultFriendFinder'
scosentino@abigroup.ca,None,'Canva.com'
mbrown@abigroup.ca,None,'Canva.com'
