Email,Password,Sources
bmeyer@abilitynetwork.org,Munch******,"'MyFitnessPal.com', 'Chegg.com', 'LinkedIn.com'"
lelpers@abilitynetwork.org,abili**********,'Unknown'
lelpers@abilitynetwork.org,pinki***,"'Whitepages.com', 'MyFitnessPal.com', 'ShareThis.com', 'MySpace.com', 'Evite.com'"
lelpers@abilitynetwork.org,pinki****,"'Hautelook.com', 'Houzz.com', 'LiveAuctioneers.com', 'Liker.com'"
lelpers@abilitynetwork.org,spark***,'Unknown'
groth@abilitynetwork.org,curta*******,'Chegg.com'
groth@abilitynetwork.org,carte***,'Zynga.com'
lelpers@abilitynetwork.org,None,"'Canva.com', 'Disqus.com'"
groth@abilitynetwork.org,None,'Twitter.com (scraping data)'
