Email,Password,Sources
service@abiltd.com,Abilt*****,'Unknown'
ericm@abiltd.com,abili******,"'Creocommunity.com', 'ConnectPress.com', 'Collection 1', 'catiacommunity.com', 'jobs.connectpress.com'"
alexeyy@abiltd.com,maalo****,'Unknown'
info@abiltd.com,jorda*****,'LinkedIn.com'
inquiry@abiltd.com,AAGbf****,'Unknown'
linag@abiltd.com,summe******,'Unknown'
paulh@abiltd.com,aec12**,'MyFitnessPal.com'
junaid.zuberi@abiltd.com,None,'Canva.com'
alexk@abiltd.com,None,'Twitter.com (scraping data)'
