Email,Password,Sources
eduardoc@abletranslations.com,x4X27*********,'Unknown'
hsadmin@abletranslations.com,admin*****,'LinkedIn.com'
wilson@abletranslations.com,bsc44**,'Unknown'
coordinator@abletranslations.com,pimen*****,'LinkedIn.com'
leahm@abletranslations.com,outre****,'Unknown'
DarrenC@abletranslations.com,fugaz**,'Unknown'
gerryl@abletranslations.com,welco***,'LinkedIn.com'
hoal@abletranslations.com,maggi**,'Unknown'
info@abletranslations.com,able0**,'Unknown'
info@abletranslations.com,jeUI3****************,'Unknown'
intake@abletranslations.com,sunsh****,'Unknown'
michaelt@abletranslations.com,trans********,'Unknown'
michaelt@abletranslations.com,trans******,'Unknown'
resources3@abletranslations.com,srora****,'LinkedIn.com'
resources3@abletranslations.com,talmi*******,'InterPals.net'
interpretingresources@abletranslations.com,compu****,'Unknown'
hoal@abletranslations.com,calor****,'MyFitnessPal.com'
mariao@abletranslations.com,chels***,'Evite.com'
chantellef@abletranslations.com,None,'Canva.com'
mariao@abletranslations.com,None,'Twitter.com (scraping data)'
