Email,Password,Sources
james@ableone.com,bowl8****,'Unknown'
bob@ableone.com,42546***********,'LinkedIn.com'
chad@ableone.com,mccru******,'Unknown'
ken@ableone.com,hanna********,'Unknown'
dperco@ableone.com,matju******,'Collection 1'
stefan.corneliu@ableone.com,14858******,'Unknown'
azbob1950@ableone.com,lunch******,'Fling.com'
bgregory@ableone.com,tigge***,'MySpace.com'
dianne.bryndza@ableone.com,Waldi*****,'Unknown'
dmitchell@ableone.com,lwc20***,'Unknown'
dmitchell@ableone.com,newus***,'Unknown'
gary@ableone.com,passi****,'Unknown'
gsojnocki@ableone.com,carso***,'LinkedIn.com'
judy.donaldson@ableone.com,14048******,'Unknown'
mbodnar@ableone.com,ps10n***,'Unknown'
melanie@ableone.com,3100C********,'LinkedIn.com'
miker@ableone.com,stayo***,'Unknown'
mkula@ableone.com,MKpsw****,'Unknown'
peter@ableone.com,warsa******,'LinkedIn.com'
robert@ableone.com,moomo**,'LinkedIn.com'
vick@ableone.com,great*******,'Unknown'
vicki@ableone.com,gille*****,'Unknown'
viktor@ableone.com,35b3a************,'Unknown'
viktor@ableone.com,trios****,'Unknown'
wendy@ableone.com,19891****,'Unknown'
wendy@ableone.com,anima**,'iMesh.com'
wendy@ableone.com,anima****,'Unknown'
www.desmondl@ableone.com,$smit**,'MySpace.com'
miker@ableone.com,123st******,'Unknown'
miker@ableone.com,ayout*,'Unknown'
miker@ableone.com,miker****,'Unknown'
miker@ableone.com,mstay****,'Unknown'
miker@ableone.com,qstay****,'Unknown'
miker@ableone.com,stayo*,'Unknown'
miker@ableone.com,stayo**,'Unknown'
miker@ableone.com,stayo****,'Unknown'
miker@ableone.com,stayo****,'Unknown'
miker@ableone.com,stayo******,'Unknown'
miker@ableone.com,stayo******,'Unknown'
miker@ableone.com,stayo*****,'Unknown'
miker@ableone.com,stayo****,'Unknown'
miker@ableone.com,stayo****,'Unknown'
miker@ableone.com,stayo*****,'Unknown'
miker@ableone.com,stayo****,'Unknown'
miker@ableone.com,tayou**,'Unknown'
miker@ableone.com,tuoya***,'Unknown'
daune@ableone.com,owocd******,'visionsource-drgall.com'
robert@ableone.com,84f0f****,'eliteathletes.ca'
dperco@ableone.com,tinke******,'Animoto.com'
kathy@ableone.com,zbign*******,'Unknown'
dray99@ableone.com,mike0****,'Omgpop'
info@ableone.com,secre****,'ShareThis.com'
mmcgahey@ableone.com,Bauer***,"'StockX.com', '8Tracks.com'"
jdarrington@ableone.com,ja230*****,'Strongholdkingdoms.com'
mark.kula@ableone.com,MKpsw****,'Glofox.com'
robert@ableone.com,None,'Twitter.com (scraping data)'
