Email,Password,Sources
jane@ablemployment.com,269ri**,'LinkedIn.com'
jilldee@ablemployment.com,99529****,"'StockX.com', 'Houzz.com', 'MyFitnessPal.com', '8Tracks.com'"
amber@ablemployment.com,olc12*****,'Unknown'
bernie@ablemployment.com,dryco****,'LinkedIn.com'
dina@ablemployment.com,wimmi****,'Unknown'
jeffa@ablemployment.com,jaran****,"'Canva.com', 'Sendpulse.com'"
jenn@ablemployment.com,jenn1****,'lddhs.ca'
kristina@ablemployment.com,jasmi*****,'LinkedIn.com'
leslie@ablemployment.com,tooca****,'LinkedIn.com'
liz@ablemployment.com,mimlm****,'Collection 1'
sarahjane@ablemployment.com,eyeof*****,'Canva.com'
steve@ablemployment.com,tecum*****,'MySpace.com'
tiina@ablemployment.com,sophi**,'Unknown'
tracey@ablemployment.com,ava20***,'Mate1.com'
Bre@ablemployment.com,Brezz*****,"'Minted.com', 'legalpointer.net'"
Shelley@ablemployment.com,umber***,'MyFitnessPal.com'
gabrielle@ablemployment.com,Emplo*******,"'StockX.com', '8Tracks.com'"
nikki@ablemployment.com,None,'Canva.com'
alex@ablemployment.com,None,'Canva.com'
jilldee@ablemployment.com,None,'Twitter.com (scraping data)'
