Email,Password,Sources
suzanne@abm-research.com,gutma**,'LinkedIn.com'
charles.leech@abm-research.com,Trist******,"'StockX.com', 'Houzz.com', '8Tracks.com', 'dannygray.com'"
charles@abm-research.com,Aslan*****,'LinkedIn.com'
charles@abm-research.com,metal*****,'Unknown'
charles@abm-research.com,trist******,"'MyHeritage.com', 'Cafepress.com', 'Collection 1', 'MySpace.com'"
charles@abm-research.com,trist***,'ggmania.com'
christian.arambulo@abm-research.com,Outka****,'Unknown'
stephanie@abm-research.com,johnt****,"'MyHeritage.com', 'Houzz.com'"
stephanie@abm-research.com,rz7f8****,'Unknown'
belen@abm-research.com,belen*****,'Unknown'
ron@abm-research.com,lotus***,'Last.fm'
tim@abm-research.com,adair*****,'Unknown'
tim@abm-research.com,cromw****,'Unknown'
info@abm-research.com,trist******,'Unknown'
rowan.beasley@abm-research.com,2Bloo******,'Unknown'
caitlin@abm-research.com,golde*****,'Cafepress.com'
claudia@abm-research.com,clau1****,'Evite.com'
stephanie.mcguinness@abm-research.com,johnt****,'Havenly.com'
suzanne@abm-research.com,gutma*****,'Houzz.com'
suzanne@abm-research.com,None,"'Zynga.com', 'Disqus.com'"
charles@abm-research.com,None,'Zynga.com'
stephanie@abm-research.com,None,'Zynga.com'
charles@abm-research.com,None,'Twitter.com (scraping data)'
