Email,Password,Sources
doriana@abmtool.com,tigge**,'Unknown'
samb@abmtool.com,bertu****,'Unknown'
flavio@abmtool.com,84925***********,'LinkedIn.com'
flavio@abmtool.com,95301*,'Unknown'
flavio@abmtool.com,none9*****,"'ConnectPress.com', 'jobs.connectpress.com'"
gary@abmtool.com,adams**,'LinkedIn.com'
mohamed@abmtool.com,90081*,'Unknown'
mohamed@abmtool.com,none9****,'Unknown'
mohamed@abmtool.com,none9*****,"'ConnectPress.com', 'jobs.connectpress.com'"
MICHAEL@ABMTOOL.COM,msuuq******,'visionsource-drgall.com'
kenny@abmtool.com,12345*****,'Dubsmash.com'
eulices@abmtool.com,Repar*****,'Stealer Logs'
matia@abmtool.com,None,'Twitter.com (scraping data)'
shannon@abmtool.com,None,'Twitter.com (scraping data)'
terryb@abmtool.com,None,'Twitter.com (scraping data)'
