Email,Password,Sources
g.maes@abnotena.com,ABnot******,'apsca.org.cn'
emunroe@abnotena.com,found***,'LinkedIn.com'
tobrien@abnotena.com,oblin**,'LinkedIn.com'
jlandsman@abnotena.com,lands****,'Unknown'
sanderson@abnotena.com,buffe********,'LinkedIn.com'
Bocchini@abnotena.com,cherr**,'Unknown'
JSpiess@ABnoteNA.com,Dukes****,'LinkedIn.com'
THarris@ABnoteNA.COM,terps**,'LinkedIn.com'
bbench@abnotena.com,in100**,'LinkedIn.com'
bgilbert@abnotena.com,krist****,'LinkedIn.com'
cbenoit@abnotena.com,caitl***,'Unknown'
ddevine@abnotena.com,ddevi***,'Unknown'
ddevine@abnotena.com,ntxtb**,'AndroidForums.com'
feathers@abnotena.com,sammy****,'Unknown'
info@abnotena.com,72d1c**,'Unknown'
jbussell@abnotena.com,53747****,'Unknown'
jbussell@abnotena.com,55972**,'Collection 1'
jbussell@abnotena.com,MigBl****,'Unknown'
jbussell@abnotena.com,emadl******,'Unknown'
jbussell@abnotena.com,lyphu******,'Unknown'
jbussell@abnotena.com,maszy***,'Unknown'
jbussell@abnotena.com,patid***,'Unknown'
jbussell@abnotena.com,stitc**,'Unknown'
jcaples@abnotena.com,liane**,'Unknown'
jellis@abnotena.com,swans*****,'Unknown'
jsindoni@abnotena.com,Lynx0**,'apsca.org.cn'
jsindoni@abnotena.com,wMUKD************,'Unknown'
lingalls@abnotena.com,Madie*****,'LinkedIn.com'
mkelly@abnotena.com,in032**,"'MyFitnessPal.com', 'LinkedIn.com'"
ppatel@abnotena.com,DEALT********,'Unknown'
sdavis@abnotena.com,12345*,'Unknown'
twright@abnotena.com,note,'Unknown'
twright@abnotena.com,trial*,'Unknown'
jbrewer@abnotena.com,rodne**,'CouponMom / ArmorGames'
jbussell@abnotena.com,12345*******,'Unknown'
jbussell@abnotena.com,jara0*****,'Unknown'
info@abnotena.com,emadl******,'Unknown'
ngeorge@abnotena.com,ida19***,'MyFitnessPal.com'
bgilbert@abnotena.com,diane*****,'Avvo.com'
k.goldstein@abnotena.com,hotdo**,'Houzz.com'
tziemkus@abnotena.com,Maja0****,'Dropbox.com'
sdavis@abnotena.com,donny*****,'MyHeritage.com'
gwilliams@abnotena.com,19321**,'Evite.com'
mmcardle@abnotena.com,hzte9****,'123RF.com'
ACOLVETT@ABNOTENA.COM,COLVE****,'Hautelook.com'
jellis@abnotena.com,None,'Zynga.com'
lingalls@abnotena.com,None,'Zynga.com'
jwhite@abnotena.com,None,'Zynga.com'
ngeorge@abnotena.com,None,'Twitter.com (scraping data)'
