Email,Password,Sources
rick@abo-peoples.org,tobia***,'Unknown'
capadmin@abo-peoples.org,jacks***,'Unknown'
erin@abo-peoples.org,saHpq**,'Unknown'
erin@abo-peoples.org,saHpq*********,'Unknown'
francis@abo-peoples.org,capad****,'Unknown'
julian@abo-peoples.org,Congr******,'Bitly.com'
libby@abo-peoples.org,1YQWV**,'Unknown'
libby@abo-peoples.org,timbe**,'Unknown'
sean@abo-peoples.org,Chris******,'Unknown'
lewis@abo-peoples.org,nothi*****,'Unknown'
libby@abo-peoples.org,timbe*,'Unknown'
jenna@abo-peoples.org,babyb******,'youthmovements.org'
patrickb@abo-peoples.org,6eaxq*,'AdultFriendFinder'
gilles@abo-peoples.org,None,'Twitter.com (scraping data)'
