Email,Password,Sources
sgranahan@abrams.ca,georg***,'MySpace.com'
kwalton@abrams.ca,budda**,'Mate1.com'
rbrown@abrams.ca,94489****,"'Openraid.org', 'toperfect.com'"
jgagne@abrams.ca,barri***,'MyHeritage.com'
jgagne@abrams.ca,barri*******,'Unknown'
dispatch@abrams.ca,barri*******,'Unknown'
dshock@abrams.ca,philb****,"'Psyonix.com', 'Zynga.com'"
dshock@abrams.ca,philb******,'Unknown'
snagra@abrams.ca,Hocke********,'Unknown'
info@abrams.ca,barri***,'Unknown'
dshock@abrams.ca,djwin******,'Unknown'
jgagne@abrams.ca,biz3e*,'Unknown'
sfreud@abrams.ca,goldm***,'Evite.com'
dshock@abrams.ca,eacxa*,'AdultFriendFinder'
jgagne@abrams.ca,4r87m*,'AdultFriendFinder'
peterc@abrams.ca,9fqs8*,'AdultFriendFinder'
dshock@abrams.ca,None,'Zynga.com'
heavydispatch@abrams.ca,None,'Canva.com'
jgagne@abrams.ca,None,'Twitter.com (scraping data)'
