Email,Password,Sources
broswell@absfriction.com,xdpv9****,'Unknown'
jjanssen@absfriction.com,avacl*****,"'Mate1.com', 'Last.fm'"
MVanDyke@absfriction.com,7jf2x****,'Unknown'
dcrystal@absfriction.com,tg68c****,'Unknown'
jburns@absfriction.com,hotsp****,'LinkedIn.com'
rjamieson@absfriction.com,t.a.r***********,'Unknown'
sales@absfriction.com,USER1**********,'Unknown'
shamilton@absfriction.com,critt***,'MyHeritage.com'
rjamieson@absfriction.com,danar****,'Unknown'
SBUCHAN@ABSFRICTION.COM,grunt**,'MyFitnessPal.com'
jason@absfriction.com,None,'Canva.com'
steve@absfriction.com,None,'Canva.com'
