Email,Password,Sources
elena@absmachining.com,63901**,'LinkedIn.com'
amrits@absmachining.com,ameek****,'Collection 1'
asingh@absmachining.com,ameek****,"'Collection 1', 'borismiksic.net'"
asingh@absmachining.com,p4380*,'Unknown'
kmitchell@absmachining.com,welco*****,'LinkedIn.com'
msauve@absmachining.com,cass0******,'LinkedIn.com'
phyllisc@absmachining.com,graem**,'Unknown'
porretti@absmachining.com,baske******,'Unknown'
toolcrib@absmachining.com,72200***********,'LinkedIn.com'
dcagen@absmachining.com,ShHiN*****,'Promo.com'
msauve@absmachining.com,None,'Zynga.com'
amrits@absmachining.com,None,'Indiamart.com'
pamelag@absmachining.com,None,'Twitter.com (scraping data)'
