Email,Password,Sources
bjohnson@absolute.to,bento******,'LinkedIn.com'
rdacillo1@absolute.to,charl********,'Unknown'
rdacillo@absolute.to,Charl********,'Unknown'
rdacillo@absolute.to,charl**,"'MyHeritage.com', 'Poloniex.com', 'Collection 1', 'LinkedIn.com'"
achristie@absolute.to,OCFWI****,'Unknown'
gdibueno@absolute.to,gaska****,'Unknown'
jbardwell@absolute.to,JJJJJ**,'Unknown'
lkenyon@absolute.to,antho****,'Last.fm'
mnicol@absolute.to,samsu**,'Unknown'
mnicol@absolute.to,samsu***,'Unknown'
pkenyon@absolute.to,Thatc****,'Unknown'
pkenyon@absolute.to,Thatc*****,'Unknown'
pkenyon@absolute.to,xrb4u**,'lartizanpizza.com'
info@absolute.to,charl**,'Unknown'
sastin@absolute.to,tunne***,"'Hautelook.com', 'Dropbox.com'"
pkenyon@absolute.to,56672***,'ShareThis.com'
lcharish@absolute.to,timro***,'Evite.com'
