Email,Password,Sources
cristianr@aca.ca,Integ*****,'Unknown'
cristianr@aca.ca,kiki8**,'Collection 1'
cristianr@aca.ca,timis*****,'LinkedIn.com'
jamesc@aca.ca,12345**,'Unknown'
jamesc@aca.ca,diam0****,'Unknown'
jamesc@aca.ca,ggggg**,'Unknown'
jamesc@aca.ca,poe,'Unknown'
jamesh@aca.ca,cadil*****,'Unknown'
jamesh@aca.ca,dmmpa****,'Unknown'
jamesh@aca.ca,madih****,'Unknown'
kiml@aca.ca,5569k**,'Unknown'
keithm@aca.ca,5520a*****,'Unknown'
keithm@aca.ca,jadec****,'Unknown'
kevinrdc@aca.ca,1cana***,'Unknown'
kevinrdc@aca.ca,bitem**,'Unknown'
kevinrdc@aca.ca,lit27***,'Unknown'
jayj@aca.ca,ibbi1***,'Unknown'
jayj@aca.ca,integ****,'Unknown'
jayj@aca.ca,jonka**,'Unknown'
brose@aca.ca,454fr****,'Unknown'
brose@aca.ca,aggie**,'Unknown'
brose@aca.ca,bsr,'Collection 1'
brose@aca.ca,ciner****,'Unknown'
lukee@aca.ca,kopra***,'Unknown'
pratimam@aca.ca,toron****,'MySpace.com'
faf@aca.ca,Sispe********,'Fling.com'
patrickl@aca.ca,23021****,'Unknown'
rhondag@aca.ca,NIKKI*,'Unknown'
rhondag@aca.ca,calea*,'Unknown'
jimt@aca.ca,jjoob****,'Collection 1'
jimt@aca.ca,lliin********,'Unknown'
brianf@aca.ca,13821****,'Unknown'
brianf@aca.ca,15118**,'Unknown'
brianf@aca.ca,aishw***,'Unknown'
brianf@aca.ca,jmn24*****,"'Kickstarter.com', 'Collection 1', 'PoliceOne.com', 'electricityforum2.com'"
brianf@aca.ca,lucia*,'Unknown'
stephenh@aca.ca,Laura****,'Unknown'
stephenh@aca.ca,class*****,'Unknown'
stephenh@aca.ca,passw****,'Collection 1'
billo@aca.ca,CCxxl*****,'Unknown'
billo@aca.ca,hats4**,'Collection 1'
billo@aca.ca,mikem******,'Unknown'
billo@aca.ca,skyli****,'Unknown'
alexist@aca.ca,BSM45**,'Unknown'
alexist@aca.ca,BSM45***,'Unknown'
alexist@aca.ca,blake***,'Unknown'
alexist@aca.ca,insta*****,'Unknown'
alexist@aca.ca,overf****,'Unknown'
alexist@aca.ca,path,'Unknown'
barbarab@aca.ca,ladyb***,'LinkedIn.com'
barbr@aca.ca,12345******,'Unknown'
barbr@aca.ca,barbr****,'Collection 1'
barbr@aca.ca,couch***,'Unknown'
barbr@aca.ca,lolo5**,'Unknown'
davec@aca.ca,Blues*****,'Unknown'
davec@aca.ca,penta**,'MySpace.com'
davidt@aca.ca,bsein**,'Unknown'
davidt@aca.ca,donna*******,'Collection 1'
davidt@aca.ca,l185u***,'Unknown'
derekm@aca.ca,06118****,'Unknown'
derekm@aca.ca,98104****,'Unknown'
derekm@aca.ca,slash***,'Collection 1'
dwaynec@aca.ca,amtec**,'Unknown'
dwaynec@aca.ca,integ****,'Collection 1'
dwaynec@aca.ca,shit1******,'Unknown'
jennifer@aca.ca,jenni****,'Collection 1'
laeeqs@aca.ca,b1l1a******,'Unknown'
laeeqs@aca.ca,dikjs******,'Unknown'
laeeqs@aca.ca,yamah**,'Unknown'
larrym@aca.ca,tauru**,'Unknown'
lesl@aca.ca,Grizz****,'Unknown'
lol@aca.ca,bdnsq****,'Unknown'
marcd@aca.ca,1111,'Collection 1'
marcd@aca.ca,arikt******,'Unknown'
marcd@aca.ca,debri*******,'Unknown'
marcg@aca.ca,2Rg7a****,'Unknown'
marcg@aca.ca,avata***,'Unknown'
marcg@aca.ca,nordi******,'Collection 1'
marks@aca.ca,andro*****,'Unknown'
marks@aca.ca,fogci***,'Unknown'
marks@aca.ca,integ****,'Unknown'
mikes@aca.ca,eross*****,'Unknown'
mikes@aca.ca,integ****,'Unknown'
mikes@aca.ca,passw****,'Unknown'
nellier@aca.ca,1968r****,'LinkedIn.com'
nellier@aca.ca,phone******,'Fling.com'
petert@aca.ca,1peri*****,'Unknown'
petert@aca.ca,diamo***,'Unknown'
petert@aca.ca,ygtr1****,'Unknown'
philr@aca.ca,74107****,'Unknown'
philr@aca.ca,BiffM*****,'Unknown'
philr@aca.ca,calga***,'Collection 1'
sdasdasd@aca.ca,gazva**,'Unknown'
sebastienz@aca.ca,integ*****,'Collection 1'
sebastienz@aca.ca,neils***,'Unknown'
sebastienz@aca.ca,thera****,'Unknown'
stevenc@aca.ca,Yldty******,'Unknown'
stevenc@aca.ca,orlan*****,'Unknown'
stevenc@aca.ca,sczer******,'Unknown'
tinak@aca.ca,integ********,'Unknown'
tinak@aca.ca,markq**,'Unknown'
tinak@aca.ca,mssms**,'Unknown'
yvanr@aca.ca,whyno**,'Collection 1'
mikes@aca.ca,tmetr***,'Unknown'
barbr@aca.ca,lumin***,'Unknown'
45a4s59d495@aca.ca,12345*****,'ID.Zing.vn'
asa@aca.ca,12345***,'MyHeritage.com'
jasonw@aca.ca,32596*,'AdultFriendFinder'
robert.segal@aca.ca,comma****,'Sendpulse.com'
support@aca.ca,suppo*****,'Sendpulse.com'
kevinrdc@aca.ca,35565****,'JeepForum.com'
brianf@aca.ca,usuri****,'Zacks.com'
