Email,Password,Sources
ina.arora@acadecap.org,BUS6b****,'Chegg.com'
caroline.robson@acadecap.org,first*******,'Animoto.com'
neena.parbhakar@acadecap.org,dalsg*****,'Animoto.com'
Benjamin.Lessard@acadecap.org,Benja********,'Toondoo.com'
tristan.smith@acadecap.org,Acad3****,'Toondoo.com'
caroline.robson@acadecap.org,blues***,'Dubsmash.com'
Sam.Braun@acadecap.org,Samue**,'Animoto.com'
annie.grondin@acadecap.org,evegr******,'Toondoo.com'
yasir.ali@acadecap.org,Zaid2*************,'Chegg.com'
nora.ibrahim@acadecap.org,noasm******,'Promo.com'
samuel.budge@acadecap.org,mm1vp**,'MyHeritage.com'
info@acadecap.org,Acad3****,'Animoto.com'
Keivon.jafari@acadecap.org,IamKe*****,'Toondoo.com'
Sam.Braun@acadecap.org,Samue***********,'Toondoo.com'
Samuel.budge@acadecap.org,Acad3****,'Animoto.com'
cordelia.SM@acadecap.org,Acad3****,'Animoto.com'
melanie.bernard@acadecap.org,Acad3****,'Animoto.com'
stefan.trivuncic@acadecap.org,Eurog********,'Jefit.com'
Sam.Braun@acadecap.org,None,'Canva.com'
nora.ibrahim@acadecap.org,None,'Canva.com'
samuel.budge@acadecap.org,None,'Canva.com'
rohan.thukral@acadecap.org,None,'Canva.com'
mara.budge@acadecap.org,None,'Canva.com'
ruben.deme@acadecap.org,None,"'Canva.com', 'Wattpad.com'"
anne.khazzam@acadecap.org,None,'Canva.com'
kenzie.lehman@acadecap.org,None,'Canva.com'
christine.chapman@acadecap.org,None,'Canva.com'
anya.sachs@acadecap.org,None,'Canva.com'
tiffany.stpierre@acadecap.org,None,'Canva.com'
sadjia.sam@acadecap.org,None,'Canva.com'
ethan.carles@acadecap.org,None,'Canva.com'
eve.mister@acadecap.org,None,'Canva.com'
Antoni.mciver@acadecap.org,None,'Canva.com'
Antonia.McIver@acadecap.org,None,'Canva.com'
Arwen.Vanclief@acadecap.org,None,'Canva.com'
Ephraim.Hanna@acadecap.org,None,"'Canva.com', 'Zynga.com'"
Frederick.Taylor@Acadecap.org,None,'Canva.com'
Naomi.Braun@acadecap.org,None,'Canva.com'
melissa.hall@acadecap.org,None,"'Canva.com', 'Minted.com'"
valerie.mcfadden@acadecap.org,None,'Canva.com'
Thomas.Letal@acadecap.org,None,'Canva.com'
Vincent.Robinson@acadecap.org,None,'Canva.com'
meva.vigliotti@acadecap.org,None,'Canva.com'
france.genier@acadecap.org,None,'Canva.com'
daniella.jacques@acadecap.org,None,'Canva.com'
priscila.fuentes@acadecap.org,None,'Canva.com'
linda.halberstadt@acadecap.org,None,'Canva.com'
john.fayad@acadecap.org,None,'Canva.com'
summer.fayad@acadecap.org,None,'Canva.com'
mackenzie.clarke@acadecap.org,None,'Canva.com'
carolyn.pless@acadecap.org,None,'Canva.com'
river.cote@acadecap.org,None,'Canva.com'
info@acadecap.org,None,"'Twitter.com (scraping data)', 'Duolingo.com'"
nora.ibrahim@acadecap.org,None,'Twitter.com (scraping data)'
