Email,Password,Sources
eric@academy.ca,23985*,'Unknown'
alalonde@academy.ca,argos*,'Unknown'
amy@academy.ca,t0r0n***,'Unknown'
boxoffice@academy.ca,patry**,'Unknown'
dianna@academy.ca,dk280****,'Collection 1'
fdomingue@academy.ca,chest***,'Unknown'
fdomingue@academy.ca,fortu*****,'Unknown'
geminis@academy.ca,genie**,'Bitly.com'
info@academy.ca,12345**,'Unknown'
jclark@academy.ca,dooms*****,'LinkedIn.com'
jennifer@academy.ca,!,'Collection 1'
mwilson@academy.ca,fritz**,'MyHeritage.com'
geminis@academy.ca,offic**,'Dropbox.com'
nattyz@academy.ca,12345**,'Dropbox.com'
amcgrath@academy.ca,welco****,'ShareThis.com'
amy@academy.ca,offic**,'Chronicle.com'
eric@academy.ca,11111**,'Sendpulse.com'
amcgrath@academy.ca,None,'Canva.com'
katie@academy.ca,None,'Canva.com'
colleen@academy.ca,None,'Canva.com'
mdisney@academy.ca,None,'Canva.com'
beth@academy.ca,None,'Canva.com'
jstewart@academy.ca,None,'Canva.com'
lyee@academy.ca,None,'Canva.com'
amcgrath@academy.ca,None,'Twitter.com (scraping data)'
