Email,Password,Sources
jacquelyn@academicagroup.com,raymo******,'LinkedIn.com'
bliss@academicagroup.com,Webst****,"'Dropbox.com', 'LinkedIn.com', 'MySpace.com'"
bliss@academicagroup.com,frien**,'Unknown'
magnus@academicagroup.com,madli**,'Zoosk.com'
admin@academicagroup.com,ducat*****,'Unknown'
julie@academicagroup.com,piano**,"'LinkedIn.com', 'Chronicle.com'"
lindsey@academicagroup.com,Acume******,'Unknown'
melissa@academicagroup.com,ellio****,'MySpace.com'
niki@academicagroup.com,sz9WR****,'LinkedIn.com'
rod@academicagroup.com,acume**,'Unknown'
support@academicagroup.com,acume****,'MySpace.com'
c.hall@academicagroup.com,na,'Unknown'
bliss@academicagroup.com,Webst****,'Unknown'
jeff@academicagroup.com,jeff.****,'ShareThis.com'
melissa@academicagroup.com,1cgd3****,'ShareThis.com'
seth@academicagroup.com,simme**,'Chronicle.com'
steven@academicagroup.com,oasis****,'Chronicle.com'
evan@academicagroup.com,Cuj0t****,'Chronicle.com'
julie@academicagroup.com,geoku****,'Zacks.com'
seth@academicagroup.com,None,'Disqus.com'
claire@academicagroup.com,None,'Canva.com'
rachel@academicagroup.com,None,'Canva.com'
