Email,Password,Sources
kimscott@acapulcopools.com,Pools**,'LinkedIn.com'
andrewl@acapulcopools.com,passw****,'Unknown'
bernie@acapulcopools.com,70631**,'LinkedIn.com'
charlotte@acapulcopools.com,Pools**,'Bitly.com'
christineb@acapulcopools.com,pools*,'Unknown'
david@acapulcopools.com,dillo**,'Unknown'
david@acapulcopools.com,mf28b*,'Collection 1'
dawn@acapulcopools.com,acapu****,'Unknown'
dawn@acapulcopools.com,dblaz***,'Unknown'
estimating@acapulcopools.com,Pools**,'Unknown'
estimating@acapulcopools.com,Pools*****,'Collection 1'
kate@acapulcopools.com,kmcke*****,'Unknown'
laura@acapulcopools.com,Pools**,'Bitly.com'
tony@acapulcopools.com,ccamb******,'Collection 1'
trudy@acapulcopools.com,acapu****,'LinkedIn.com'
trudy@acapulcopools.com,tcase*,'Unknown'
marcos@acapulcopools.com,Acapu*****,"'StockX.com', '8Tracks.com'"
bernie@acapulcopools.com,70631****,'Houzz.com'
melissa@acapulcopools.com,schuu*********,'Evite.com'
laura@acapulcopools.com,Broch*****,"'Dropbox.com', '123RF.com'"
david@acapulcopools.com,6w49n**,'MyHeritage.com'
charlotte@acapulcopools.com,None,'Canva.com'
charlotte@acapulcopools.com,None,'Twitter.com (scraping data)'
david@acapulcopools.com,None,'Twitter.com (scraping data)'
