Email,Password,Sources
credmond@acart.com,4220,'Unknown'
gabiad@acart.com,bosle**,'Unknown'
tmegginson@acart.com,TR!X!**,"'Dropbox.com', 'LinkedIn.com'"
tmegginson@acart.com,sindi**,'Unknown'
aalbania@acart.com,bosle**,'Unknown'
facebook@acart.com,Acart***,'Unknown'
cpates@acart.com,3poin*****,"'MechoDownload.com', 'Plex.tv', 'Twitter.com'"
jfrappier@acart.com,julia*********,'Unknown'
jfrutos@acart.com,jfru1**,'123RF.com'
jfrutos@acart.com,xzF_,'Unknown'
nhenderson@acart.com,ringe*****,'MySpace.com'
al@acart.com,bosle**,"'Dropbox.com', 'LiveAuctioneers.com'"
amandav@acart.com,DGB3E**,'LinkedIn.com'
amy@acart.com,1234,'Unknown'
dgerylo@acart.com,aZcyv**,'Unknown'
dgerylo@acart.com,muffi**,'Unknown'
gmontgomery@acart.com,ackar****,'MySpace.com'
johnw@acart.com,5aliv**,'Unknown'
jstar@acart.com,brand****,'Unknown'
kscannell@acart.com,ma838*****,'Bitly.com'
kscannell@acart.com,sad50*********,'Unknown'
mfine@acart.com,NbM6f**,'Unknown'
mfine@acart.com,kYmt9**,'Azcentral.com'
mfine@acart.com,phoeb**,'Unknown'
nlafleche@acart.com,ringe****,'Unknown'
otolk@acart.com,40091***,'Unknown'
rneilson@acart.com,zenba*****,'Unknown'
vernonl@acart.com,171ne*****,'LinkedIn.com'
zflint@acart.com,171ne*****,'LinkedIn.com'
nlafleche@acart.com,sleep******,'healthylivingcalendars.com'
suemc@acart.com,charl****,'MyFitnessPal.com'
koliver@acart.com,londo****,'Zynga.com'
sjalbert@acart.com,whisk**,'Houzz.com'
bjoerges@acart.com,metal***,'ShareThis.com'
klynch@acart.com,klave**,'ShareThis.com'
lrodney@acart.com,testt****,'ShareThis.com'
koliver@acart.com,Acart****,"'StockX.com', '8Tracks.com'"
mireille@acart.com,movin********,'Evite.com'
sdeschamps@acart.com,colli**,'Evite.com'
clagarde@acart.com,milou*****,'123RF.com'
drobbers@acart.com,mssn9****,'123RF.com'
jstar@acart.com,start*******,'123RF.com'
olbic@acart.com,1ndus****,'123RF.com'
sdeschamps@acart.com,x52hy****,'123RF.com'
olb@acart.com,Alban***,'123RF.com'
olbbruce@acart.com,Alban***,'123RF.com'
olbcna@acart.com,Alban***,'123RF.com'
olbnrc@acart.com,Alban***,'123RF.com'
johnw@acart.com,waqgr**,'MyHeritage.com'
kscannell@acart.com,None,'Canva.com'
koliver@acart.com,None,'Zynga.com'
ccrosbie@acart.com,None,'Canva.com'
tmenard@acart.com,None,'Canva.com'
kschnob@acart.com,None,'Canva.com'
johnw@acart.com,None,'Twitter.com (scraping data)'
koliver@acart.com,None,'Twitter.com (scraping data)'
suemc@acart.com,None,'Twitter.com (scraping data)'
vernonl@acart.com,None,'Twitter.com (scraping data)'
