Email,Password,Sources
rscotland@acaweb.ca,acaon*****,'Bitly.com'
rscotland@acaweb.ca,bypek***,"'mastheadonline.com', 'masthead.ca'"
randy@acaweb.ca,acaon*****,'Unknown'
jforget@acaweb.ca,new44****,"'MyFitnessPal.com', 'LinkedIn.com'"
breaume@acaweb.ca,assoc*********,'LinkedIn.com'
jbrackett@acaweb.ca,jbrac*****,'LinkedIn.com'
phetu@acaweb.ca,fuck1******,"'Dropbox.com', 'LinkedIn.com'"
rlund@acaweb.ca,Runaw****,'LinkedIn.com'
scharles@ACAweb.ca,acali***,'Unknown'
scharles@ACAweb.ca,paddy*,'Cafepress.com'
pheru@acaweb.ca,fuck1******,"'StockX.com', '8Tracks.com'"
rscotland@acaweb.ca,None,'Disqus.com'
scharles@ACAweb.ca,None,"'Zynga.com', 'Disqus.com'"
breaume@acaweb.ca,None,'Twitter.com (scraping data)'
rlund@acaweb.ca,None,'Twitter.com (scraping data)'
rscotland@acaweb.ca,None,'Twitter.com (scraping data)'
