Email,Password,Sources
hwu@accelerated-systems.com,niki0*****,'Unknown'
bartvc@accelerated-systems.com,12264*****,'LinkedIn.com'
cderbecker@accelerated-systems.com,HaveA********,'Unknown'
cderbecker@accelerated-systems.com,mwa04****,'Unknown'
cmackinnon@accelerated-systems.com,steel*****,'Unknown'
jpayne@accelerated-systems.com,patti**,'Unknown'
rlankin@accelerated-systems.com,Rlan0****,"'Houzz.com', 'MyFitnessPal.com', 'Dropbox.com', 'LinkedIn.com', 'Zomato.com'"
td@accelerated-systems.com,575ku****,'LinkedIn.com'
mbrown@accelerated-systems.com,MyHer******,'MyHeritage.com'
alackenbauer@accelerated-systems.com,mat19***,'Dropbox.com'
jtrendle@accelerated-systems.com,cinem*******,'Zacks.com'
rlankin@accelerated-systems.com,None,'Zynga.com'
cderbecker@accelerated-systems.com,None,'Indiamart.com'
