Email,Password,Sources
37john@accessstorage.ca,johnw*****,'Unknown'
50ottawa@accessstorage.ca,acces******,'Unknown'
6napier@accessstorage.ca,Cubei*****,'Collection 1'
dan@accessstorage.ca,delta******,'Unknown'
hphillips@accessstorage.ca,kater****,'LinkedIn.com'
ibyrde@accessstorage.ca,Acces**,'Collection 1'
jbelik@accessstorage.ca,acces**,'Unknown'
mchen@accessstorage.ca,Acces**,'Collection 1'
mchen@accessstorage.ca,Dcruz*****,'Unknown'
tarnott@accessstorage.ca,micke********,'Unknown'
victoriapark@accessstorage.ca,acces******,'MySpace.com'
evans@accessstorage.ca,acces**,'Unknown'
mchen@accessstorage.ca,marie*****,'Unknown'
101waynegretzky@accessstorage.ca,toron***********,'Toondoo.com'
whosein@accessstorage.ca,Acces******,'123RF.com'
kbruynson@accessstorage.ca,None,'Canva.com'
jherouvim@accessstorage.ca,None,'Canva.com'
strategy@accessstorage.ca,None,'Canva.com'
2177plains@accessstorage.ca,None,'Zynga.com'
50ottawa@accessstorage.ca,None,'Twitter.com (scraping data)'
