Email,Password,Sources
doreen@accesscareers.com,acsi,"'Collection 1', 'atyourbusiness.com'"
vanessa@accesscareers.com,Caide****,'Unknown'
kal@accesscareers.com,redwi***,'greennorthkava.com.fj'
lbrassard@accesscareers.com,matty****,'LinkedIn.com'
lindaford@accesscareers.com,Maggi***,'Elance.com'
lorirobinson@accesscareers.com,2CATS*****,"'Dropbox.com', 'LinkedIn.com'"
tarab@accesscareers.com,acsi2****,'LinkedIn.com'
wendy@accesscareers.com,Linds******,'Unknown'
lindaford@accesscareers.com,Bella*****,'Evite.com'
lindaford@accesscareers.com,Bella*****,'Houzz.com'
donna@accesscareers.com,None,'Canva.com'
lbrassard@accesscareers.com,None,'Twitter.com (scraping data)'
