Email,Password,Sources
bmuise@acceleratorcentre.com,bm541**,'LinkedIn.com'
tellis@acceleratorcentre.com,racer**,'Disqus.com'
ajackson@acceleratorcentre.com,dolph****,"'Zynga.com', 'Dropbox.com', 'LinkedIn.com'"
bholte@acceleratorcentre.com,Schoo****,'Unknown'
cnolan@acceleratorcentre.com,carte***,'Unknown'
cnolan@acceleratorcentre.com,skitt*****,"'Hautelook.com', 'Last.fm'"
kperry@acceleratorcentre.com,8DAIS****,'Unknown'
tcorr@acceleratorcentre.com,tom12**,'Unknown'
yfranco@acceleratorcentre.com,ithin***********,'Unknown'
ajackson@acceleratorcentre.com,None,'Canva.com'
acclients@acceleratorcentre.com,None,'Canva.com'
lmason@acceleratorcentre.com,None,'Canva.com'
mshumbusho@acceleratorcentre.com,None,'Canva.com'
ejackson@acceleratorcentre.com,None,'Canva.com'
bmuise@acceleratorcentre.com,None,'Twitter.com (scraping data)'
cnolan@acceleratorcentre.com,None,'Twitter.com (scraping data)'
kperry@acceleratorcentre.com,None,'Twitter.com (scraping data)'
tellis@acceleratorcentre.com,None,'Twitter.com (scraping data)'
