Email,Password,Sources
spaterson@accessola.com,hello******,'Unknown'
bmacdonald@accessola.com,2005s*****,'Unknown'
jgilbert@accessola.com,wargi***,'Unknown'
ahutchinson@accessola.com,upsx3****,'DaFont.com'
info@accessola.com,lotso*******,'Unknown'
marbuckle@accessola.com,billi*******,'LinkedIn.com'
marbuckle@accessola.com,delil**,'Unknown'
marbuckle@accessola.com,delil***,'Unknown'
marbuckle@accessola.com,delil*****,'Unknown'
mtutching@accessola.com,Leasi******,'Unknown'
orders@accessola.com,ola33***,'Cafepress.com'
lmoore@accessola.com,Canad**,'Unknown'
membership@accessola.com,m5c1m**,'LiveJournal'
ahutchinson@accessola.com,None,'Canva.com'
marbuckle@accessola.com,None,'Canva.com'
mtutching@accessola.com,None,'Canva.com'
rnishimura@accessola.com,None,'Canva.com'
manderi@accessola.com,None,'Canva.com'
communications@accessola.com,None,'Canva.com'
Intern@accessola.com,None,"'Canva.com', 'Minted.com'"
sguthrie@accessola.com,None,'Canva.com'
lhummel@accessola.com,None,'Canva.com'
moconnor@accessola.com,None,'Canva.com'
spimentel@accessola.com,None,'Canva.com'
sroberts@accessola.com,None,'Canva.com'
swice@accessola.com,None,'Canva.com'
education@accessola.com,None,'Twitter.com (scraping data)'
