Email,Password,Sources
hsabbah@accesemployment.ca,5Appl*****,'Unknown'
hshah@accesemployment.ca,eetee*******,'LinkedIn.com'
aboskovic@accesemployment.ca,barse*****,'Unknown'
acarroll@accesemployment.ca,morel*****,'Unknown'
achin@accesemployment.ca,chind****,'Unknown'
akorinjoh@accesemployment.ca,boboc*****,'Unknown'
aluedeke@accesemployment.ca,eeked****,"'en.cscsc.essentialskillsgroup.com', 'en.careers.essentialskillsgroup.com'"
amech@accesemployment.ca,hanna**,'LinkedIn.com'
angelicag@accesemployment.ca,19920**,'Unknown'
anikkel@accesemployment.ca,Back2*****,'Unknown'
apond@accesemployment.ca,5earl*******,'Unknown'
arletea@accesemployment.ca,canad**,'Unknown'
claudiav@accesemployment.ca,gabri****,'LinkedIn.com'
cmorrison@accesemployment.ca,acces***,'Unknown'
collettes@accesemployment.ca,winte***,'LinkedIn.com'
ebalinska@accesemployment.ca,kaczk**,'Unknown'
gpat@accesemployment.ca,grace*****,'Unknown'
grashidi@accesemployment.ca,19911****,'Unknown'
hguan@accesemployment.ca,20040****,'Unknown'
hhuang@accesemployment.ca,Anya2****,'LinkedIn.com'
hji@accesemployment.ca,20016**,'LinkedIn.com'
info@accesemployment.ca,acces****,'Bitly.com'
info@accesemployment.ca,mark@*****,'Unknown'
kmclellan@accesemployment.ca,apesm**,'Unknown'
mfisher@accesemployment.ca,fuzzy**,'Unknown'
pcreary@accesemployment.ca,jobse*****,'Unknown'
rpatos@accesemployment.ca,phili********,'Unknown'
sjoos@accesemployment.ca,5hs3p**,'Unknown'
ssutharsan@accesemployment.ca,k9239****,"'Collection 1', 'LinkedIn.com'"
tyu@accesemployment.ca,398E9**,'Unknown'
tyu@accesemployment.ca,acces****,'Unknown'
yarad@accesemployment.ca,Gabri****,'Unknown'
zjama@accesemployment.ca,hafsa*****,"'Evite.com', 'en.cscsc.essentialskillsgroup.com', 'en.careers.essentialskillsgroup.com'"
llewandowski@accesemployment.ca,sking*,'en.careers.essentialskillsgroup.com'
acarroll@accesemployment.ca,morel***,'Unknown'
hshah@accesemployment.ca,eetee**,'Unknown'
arletea@accesemployment.ca,canad*,'Unknown'
mmcgrath@accesemployment.ca,asiya**,'Unknown'
mmcgrath@accesemployment.ca,asiya*******,'MyFitnessPal.com'
nlindsay@accesemployment.ca,ramse****,'Evite.com'
awong@accesemployment.ca,G1nge****,'Promo.com'
manjeetd@accesemployment.ca,None,'Canva.com'
arusinas@accesemployment.ca,None,'Canva.com'
tsirota@accesemployment.ca,None,'Canva.com'
sbelan@accesemployment.ca,None,'Canva.com'
mhawwash@accesemployment.ca,None,'Canva.com'
pkirkpatrick@accesemployment.ca,None,'Canva.com'
gcondell@accesemployment.ca,None,'Canva.com'
agreenwood@accesemployment.ca,None,'Canva.com'
dpourbazargan@accesemployment.ca,None,'Canva.com'
bregragui@accesemployment.ca,None,'Zynga.com'
anikkel@accesemployment.ca,None,'Twitter.com (scraping data)'
info@accesemployment.ca,None,'Twitter.com (scraping data)'
