Email,Password,Sources
bm@accenta.com,budli****,'LinkedIn.com'
rs@accenta.com,bever***,'Unknown'
ek@accenta.com,prata**,'Unknown'
ns@accenta.com,nsacc*****,'Unknown'
dm@accenta.com,accen****,'LinkedIn.com'
ey@accenta.com,eyacc*****,'LinkedIn.com'
jcr@accenta.com,hidro*******,'LinkedIn.com'
jd@accenta.com,may27*****,'LinkedIn.com'
ss@accenta.com,mothe**,'Unknown'
ssny@accenta.com,barty****,'Unknown'
td@accenta.com,world*****,'Unknown'
ue@accenta.com,42010**,'Unknown'
jb@accenta.com,0d5a,'healthylivingcalendars.com'
info@accenta.com,comer*********,'Jobandtalent.com'
ue@accenta.com,ca87d**,'MyHeritage.com'
ue@accenta.com,de671****,'Zacks.com'
info@accenta.com,Teraf*********,'Zacks.com'
marketing@accenta.com,None,'Canva.com'
ey@accenta.com,None,'Twitter.com (scraping data)'
