Email,Password,Sources
swalker@acceintl.com,Maver****,'Unknown'
kbiggs@acceintl.com,winde****,'Unknown'
eoneil@acceintl.com,2575d******,'Unknown'
rayberta@acceintl.com,mrbjr**,'Unknown'
jmazur@acceintl.com,peter***,'Hautelook.com'
jberta@acceintl.com,hokwa***,'Collection 1'
mnery@acceintl.com,FuJq8****,'Unknown'
mnery@acceintl.com,ZE3Eq****,'Unknown'
agoldman@acceintl.com,bramw****,'Hautelook.com'
agoldman@acceintl.com,None,'Twitter.com (scraping data)'
rhaines@acceintl.com,None,'Twitter.com (scraping data)'
