Email,Password,Sources
cfernandes@accessalliance.ca,sheld****,'Unknown'
aalamgir@accessalliance.ca,Eval2****,'Unknown'
cjaneiro@accessalliance.ca,ccccc**,'Unknown'
dwahidi@accessalliance.ca,moons***,'Unknown'
frana@accessalliance.ca,afraz**,'Unknown'
ggraham@accessalliance.ca,Creat*******,'Unknown'
hoseman@accessalliance.ca,zykwe***,'Unknown'
hosman@accessalliance.ca,tjyk6***,'Unknown'
jengugi@accessalliance.ca,sunsh****,'Unknown'
jstkitts@accessalliance.ca,acces**,'Unknown'
nnitti@accessalliance.ca,yamal****,'Unknown'
rwilson@accessalliance.ca,aalli*****,'Unknown'
tcurtis@accessalliance.ca,curti**,'Unknown'
vkevic@accessalliance.ca,kev76***,'LinkedIn.com'
cjaneiro@accessalliance.ca,ccccc*,'Unknown'
rmurtaza@accessalliance.ca,newpa*******,'youthmovements.org'
sathar@accessalliance.ca,resea****,'Promo.com'
jstkitts@accessalliance.ca,None,'Canva.com'
communications@accessalliance.ca,None,'Canva.com'
jdeleon@accessalliance.ca,None,'Canva.com'
jmurphy@accessalliance.ca,None,'Canva.com'
nbhanot@accessalliance.ca,None,'Canva.com'
