Email,Password,Sources
affiliates@accesscopyright.ca,nesqu***,'Unknown'
bodonnell@accesscopyright.ca,robbi****,'LinkedIn.com'
efinlay@accesscopyright.ca,lawye**,'Unknown'
rgilbert@accesscopyright.ca,coltr****,'Unknown'
Mmcguffin@accesscopyright.ca,32323****,'LinkedIn.com'
compliance@accesscopyright.ca,compl******,'Unknown'
hbrunstad@accesscopyright.ca,kgt62**,"'mastheadonline.com', 'masthead.ca'"
mcavan@accesscopyright.ca,thurs**,'Unknown'
mmcguffin@accesscopyright.ca,32323***,'Unknown'
permissions@accesscopyright.ca,ymmot****,'Unknown'
rlevy@accesscopyright.ca,roani******,'Unknown'
sross@accesscopyright.ca,41494***********,'LinkedIn.com'
rgilbert@accesscopyright.ca,1988a****,'ShareThis.com'
kbranco@accesscopyright.ca,kab13***,'Evite.com'
cgillis@accesscopyright.ca,clair**,'Chronicle.com'
ssawyer@accesscopyright.ca,act12**,'Canva.com'
rgilbert@accesscopyright.ca,None,'Canva.com'
ayourt@accesscopyright.ca,None,'Canva.com'
acormier@accesscopyright.ca,None,'Canva.com'
ssawyer@accesscopyright.ca,None,'Canva.com'
sswarup@accesscopyright.ca,None,'Canva.com'
jlamantia@accesscopyright.ca,None,"'Disqus.com', 'Wattpad.com'"
