Email,Password,Sources
customerservice@accent-group.ca,92933****,'Unknown'
accounts@accent-group.ca,2326,'Unknown'
alexandria@accent-group.ca,22tne****,'Unknown'
alexandria@accent-group.ca,accen****,'Unknown'
alexandria@accent-group.ca,alexa******,'Unknown'
alexandria@accent-group.ca,dc619**************************,'Unknown'
megan.parks@accent-group.ca,ds93o**,'Unknown'
megan@accent-group.ca,kings****,'kmstudio.ca'
accounts@accent-group.ca,riche***,'Unknown'
accounts@accent-group.ca,pansy*,'MyHeritage.com'
candice.holland@accent-group.ca,accen****,'123RF.com'
russellm@accent-group.ca,accen****,"'Dropbox.com', '123RF.com'"
megan.parks@accent-group.ca,None,'Canva.com'
megan@accent-group.ca,None,'Canva.com'
guym@accent-group.ca,None,'Canva.com'
