Email,Password,Sources
jmelick@accipiterradar.com,1arch******,'Unknown'
jmelick@accipiterradar.com,99arc*******,'Unknown'
jmoule@accipiterradar.com,itali**,'Unknown'
jnohara@accipiterradar.com,DISAB****,'Unknown'
admin@accipiterradar.com,37072****,'Unknown'
admin@accipiterradar.com,8mont****,'Unknown'
ckrasnor@accipiterradar.com,carl9**,'Unknown'
timweb@accipiterradar.com,socia**,'Unknown'
dnohara@accipiterradar.com,stpet*****,'Cafepress.com'
jmelick@accipiterradar.com,accip*****,'123RF.com'
jmelick@accipiterradar.com,None,'Twitter.com (scraping data)'
