Email,Password,Sources
acstrategy@acckwa.com,8e6y5*,'Unknown'
acstrategy@acckwa.com,Wanji********,'Unknown'
director@acckwa.com,augus****,'Unknown'
outreach@acckwa.com,acckw**,'Unknown'
support@acckwa.com,chico*****,'LinkedIn.com'
acckwa@acckwa.com,Thera*****,'Unknown'
m2m@acckwa.com,m2m2m**,'Cafepress.com'
acstrategy@acckwa.com,None,'Canva.com'
outreach@acckwa.com,None,'Canva.com'
support@acckwa.com,None,'Canva.com'
m2m@acckwa.com,None,'Canva.com'
womensprevention@acckwa.com,None,'Canva.com'
reception@acckwa.com,None,'Canva.com'
youthservices@acckwa.com,None,'Canva.com'
education@acckwa.com,None,'Canva.com'
acstrategy@acckwa.com,None,'Twitter.com (scraping data)'
