Email,Password,Sources
csloan@acclaimhealth.ca,accla***,'LinkedIn.com'
sfont@acclaimhealth.ca,innes*******,'Unknown'
sfont@acclaimhealth.ca,sjf19***,'MySpace.com'
bkurmey@acclaimhealth.ca,bkdaw**,'LinkedIn.com'
ekowanda@acclaimhealth.ca,skinn****,'LinkedIn.com'
humanresources@acclaimhealth.ca,acc25*****,'canadanursingjobs.com'
humanresources@acclaimhealth.ca,iokpx****,"'Collection 1', 'canadanursingjobs.com'"
jhawkins@acclaimhealth.ca,alzdi****,'Unknown'
cbrennan@acclaimhealth.ca,Panda******,'Unknown'
clatour@acclaimhealth.ca,konno**,'LinkedIn.com'
dawebster@acclaimhealth.ca,tucke****,'Unknown'
dgreaves@acclaimhealth.ca,54321*,'en.careers.essentialskillsgroup.com'
dkearns@acclaimhealth.ca,ainys*******,'Unknown'
gwooley@acclaimhealth.ca,Chris**,'Unknown'
jbaxby@acclaimhealth.ca,gb421**,'Unknown'
jberrigan@acclaimhealth.ca,rush2****,'LinkedIn.com'
jcarbonneau@acclaimhealth.ca,johan*****,'Unknown'
lpinkney@acclaimhealth.ca,accla***,'Collection 1'
mflynn@acclaimhealth.ca,Metzb********,'Adenamontessori.com'
mflynn@acclaimhealth.ca,newsl******,'LinkedIn.com'
pgriesbach@acclaimhealth.ca,weddi*******,'Unknown'
rwood@acclaimhealth.ca,Biopo**,'Unknown'
srobinson@acclaimhealth.ca,canoe****,'Unknown'
ssangha@acclaimhealth.ca,marke*****,'Collection 1'
voluneering@acclaimhealth.ca,accla***,'Collection 1'
vracette@acclaimhealth.ca,ahmar*******,'Unknown'
wwilliams@acclaimhealth.ca,wawil****,'Unknown'
jbaxby@acclaimhealth.ca,bcb3,'healthylivingcalendars.com'
lpinkney@acclaimhealth.ca,c9a3,'healthylivingcalendars.com'
rshepherd@acclaimhealth.ca,307d,'healthylivingcalendars.com'
rwood@acclaimhealth.ca,d928,'healthylivingcalendars.com'
srobinson@acclaimhealth.ca,finis********,'healthylivingcalendars.com'
ssangha@acclaimhealth.ca,bf79,'healthylivingcalendars.com'
vracette@acclaimhealth.ca,6fdd,'healthylivingcalendars.com'
sfont@acclaimhealth.ca,vanil***,'MyHeritage.com'
tpelusi@acclaimhealth.ca,pyram***,'MyHeritage.com'
anaia@acclaimhealth.ca,roxie*,'Evite.com'
kzelinski@acclaimhealth.ca,2119.****,'123RF.com'
npalacio@acclaimhealth.ca,None,'Canva.com'
kphillips@acclaimhealth.ca,None,'Canva.com'
krogers@acclaimhealth.ca,None,'Canva.com'
lpizzacalla@acclaimhealth.ca,None,'Canva.com'
csloan@acclaimhealth.ca,None,'Twitter.com (scraping data)'
jberrigan@acclaimhealth.ca,None,'Twitter.com (scraping data)'
