Email,Password,Sources
kbregman@acclaimability.com,$poot*****,'LinkedIn.com'
humansolutions@acclaimability.com,82pet***,'LinkedIn.com'
coulan@acclaimability.com,tommy*****,'Unknown'
jfillion@acclaimability.com,3232k******,'LinkedIn.com'
jgilbank@acclaimability.com,spong*****,'Unknown'
cdeschamps@acclaimability.com,three*****,'Unknown'
dyearwood@acclaimability.com,cocoa***,'Unknown'
lriopel@acclaimability.com,start****,'LinkedIn.com'
moliveira@acclaimability.com,13462**,'Unknown'
sbradley@acclaimability.com,du5ke****,'LinkedIn.com'
tonyf@acclaimability.com,Atlan*****,'Collection 1'
bderro@acclaimability.com,ber61****,'MyFitnessPal.com'
mmacgregor@acclaimability.com,souqo****,"'StockX.com', 'MyFitnessPal.com', '8Tracks.com'"
mmacgregor@acclaimability.com,Souqo*****,'Unknown'
amarcello@acclaimability.com,avagr*****,'Wanelo.com'
amarcello@acclaimability.com,avagr****,'Hautelook.com'
bderro@acclaimability.com,None,'Twitter.com (scraping data)'
sbradley@acclaimability.com,None,'Twitter.com (scraping data)'
tonyf@acclaimability.com,None,'Twitter.com (scraping data)'
