Email,Password,Sources
agriesser@accoladepg.com,Calga***,'kmstudio.ca'
khanna@accoladepg.com,monke******,'cottontexcanada.com'
cfrenette@accoladepg.com,accol****,'fijicosmetics.com.fj'
rtemple@accoladepg.com,49550**,'Unknown'
ehanna@accoladepg.com,54697**,'Unknown'
ehanna@accoladepg.com,ashle****,'LinkedIn.com'
hwilliams@accoladepg.com,spani****,"'Collection 1', 'kmstudio.ca'"
jladouceur@accoladepg.com,86855**,'Unknown'
ldeeks@accoladepg.com,deeks****,'Unknown'
adesormeaux@accoladepg.com,61281***********,'LinkedIn.com'
ahodgson@accoladepg.com,40067**,'Unknown'
cbooth@accoladepg.com,18707**,'Unknown'
cheighes@accoladepg.com,belie***,'Collection 1'
cheighes@accoladepg.com,belie****,'Unknown'
cheighes@accoladepg.com,kaito*******,'Unknown'
dhuard@accoladepg.com,desig****,'Unknown'
drepp@accoladepg.com,14581**,'Unknown'
gcalderone@accoladepg.com,calli**,'kmstudio.ca'
jbrisson@accoladepg.com,briss****,"'Bitly.com', 'Dropbox.com'"
lvanderveer@accoladepg.com,1lynd*****,'cottontexcanada.com'
mtobin@accoladepg.com,emmeg*****,'Bitly.com'
nweatherill@accoladepg.com,crosb******,'Collection 1'
payables@accoladepg.com,A1017******,'Unknown'
pmcguff@accoladepg.com,42240**,'Unknown'
pmcguff@accoladepg.com,acc0l****,'LinkedIn.com'
schatoff@accoladepg.com,26145**,'Unknown'
sluk@accoladepg.com,15354***********,'LinkedIn.com'
spons@accoladepg.com,tomil******,'LinkedIn.com'
jbrisson@accoladepg.com,jeffb*,'kmstudio.ca'
hmoz@accoladepg.com,31246**,'Unknown'
sissariotis@accoladepg.com,ahlaq******,'visionsource-drgall.com'
adam.herman@accoladepg.com,Golf1****,'Unknown'
adelbrocco@accoladepg.com,mazda****,'kmstudio.ca'
alotito@accoladepg.com,ago10***,'kmstudio.ca'
bhilepo@accoladepg.com,kosta*******,'kmstudio.ca'
doulton@accoladepg.com,score*****,'kmstudio.ca'
fcamille@accoladepg.com,joyce*****,'kmstudio.ca'
jdobson@accoladepg.com,hocke***,'kmstudio.ca'
jfarquhar@accoladepg.com,impul****,'kmstudio.ca'
jmcgugan@accoladepg.com,jmcap**,'kmstudio.ca'
jmcnab@accoladepg.com,mcnef**,'kmstudio.ca'
jpaquette@accoladepg.com,justi***,'kmstudio.ca'
kdaniel@accoladepg.com,accol****,'kmstudio.ca'
kgonzales@accoladepg.com,coraz****,'kmstudio.ca'
lle@accoladepg.com,lle12*****,'kmstudio.ca'
mcherry@accoladepg.com,Champ***,'kmstudio.ca'
mlavorato@accoladepg.com,1acco*****,'kmstudio.ca'
rjohnston@accoladepg.com,accol********,'kmstudio.ca'
rmcguff@accoladepg.com,rebsp***,'kmstudio.ca'
rpacheco@accoladepg.com,rebec***,'kmstudio.ca'
rwach@accoladepg.com,WILDS****,'kmstudio.ca'
schatoff@accoladepg.com,Sc311****,'kmstudio.ca'
sdoyle@accoladepg.com,Image****,'Unknown'
sissariotis@accoladepg.com,angel******,'kmstudio.ca'
sschmeer@accoladepg.com,steve****,'kmstudio.ca'
syoung@accoladepg.com,SY258****,'kmstudio.ca'
mboulerice@accoladepg.com,boule*******,'MyFitnessPal.com'
rwach@accoladepg.com,hotst****,'Shein.com'
atirkalas@accoladepg.com,AmyLy****,'Romwe.com'
cfletcher@accoladepg.com,None,'Canva.com'
nweatherill@accoladepg.com,None,'Twitter.com (scraping data)'
