Email,Password,Sources
kwestfall@accordfinancial.com,abcd9****,'Unknown'
kduncan@accordfinancial.com,kam24***,'LinkedIn.com'
hshapiro@accordfinancial.com,ephyh******,'LinkedIn.com'
jgrossman@accordfinancial.com,Sydne******,'LinkedIn.com'
jillouz@accordfinancial.com,mouss******,'LinkedIn.com'
alexis@accordfinancial.com,18thf*****,'Unknown'
bevans@accordfinancial.com,accor***************,'Unknown'
eaxani@accordfinancial.com,cockt****,'Unknown'
ecohen@accordfinancial.com,12345**,'LinkedIn.com'
jbates@accordfinancial.com,xyzzy**,'Unknown'
lbroderick@accordfinancial.com,68024***********,'LinkedIn.com'
llanway@accordfinancial.com,74412***********,'LinkedIn.com'
llanway@accordfinancial.com,ratna*******,'LinkedIn.com'
retwaroo@accordfinancial.com,call4****,'LinkedIn.com'
rmechbal@accordfinancial.com,25215***********,'LinkedIn.com'
rowens@accordfinancial.com,shami**,'Unknown'
sadair@accordfinancial.com,stuad**,'hype1.com'
snunes@accordfinancial.com,18thF*****,'Unknown'
stoeckl2@accordfinancial.com,oshea******,'LinkedIn.com'
swilliams@accordfinancial.com,Summe****,'Unknown'
umehta@accordfinancial.com,my5xv****,'LinkedIn.com'
rmatheson@accordfinancial.com,rody2****,'MyFitnessPal.com'
jevans@accordfinancial.com,shado**,'MyFitnessPal.com'
jmorrow@accordfinancial.com,None,'Zynga.com'
thenderson@accordfinancial.com,None,'Zynga.com'
caboud@accordfinancial.com,None,'Twitter.com (scraping data)'
hshapiro@accordfinancial.com,None,'Twitter.com (scraping data)'
jevans@accordfinancial.com,None,'Twitter.com (scraping data)'
