Email,Password,Sources
suzanne.larocque@accreditation.ca,S.Lar***,'LinkedIn.com'
dominique.beaulne@accreditation.ca,DJbea******,'Unknown'
dominique.beaulne@accreditation.ca,DJbea*******,'LinkedIn.com'
tanya.macdonald@accreditation.ca,physi*****,'Unknown'
titiania.eubanks@accreditation.ca,13810***********,'LinkedIn.com'
patrick.girard@accreditation.ca,telep*****,'LinkedIn.com'
learning@accreditation.ca,sally*****,'Bitly.com'
brenda.emerson@accreditation.ca,brend**,'Unknown'
sandra.morrison@accreditation.ca,Polda****,'Bitly.com'
David.Walker@Accreditation.ca,Jack,'Collection 1'
Luis.Cabezas@accreditation.ca,milib*********,'Unknown'
Sylvie.Brunet@accreditation.ca,10073***,'Unknown'
Sylvie.Lachapelle@accreditation.ca,melin**,'Unknown'
ali.hojjati@accreditation.ca,33759***********,'LinkedIn.com'
andre.carriere@accreditation.ca,27437***********,'LinkedIn.com'
bernadette.macdonald@accreditation.ca,david***,'Unknown'
carey.myatt@accreditation.ca,Noah2****,'Bitly.com'
conny.menger@accreditation.ca,Proje*****,'Unknown'
international@accreditation.ca,Inter**********,'Bitly.com'
madeleine.drew@accreditation.ca,Trave******,'Unknown'
nathalie.leblanc@accreditation.ca,kenog****,'LinkedIn.com'
nicole.lanthier@accreditation.ca,42855***********,'LinkedIn.com'
sebastien.audette@accreditation.ca,Mon_P****,'Unknown'
teague.lamarche@accreditation.ca,billb***,'Bitly.com'
robin.milburn@accreditation.ca,1qaz2****,'MyFitnessPal.com'
teague.lamarche@accreditation.ca,sally******,'123RF.com'
surveyors@accreditation.ca,wUOt3********************,'Stealer Logs'
su.huynh@accreditation.ca,1911p******,'Stealer Logs'
learning@accreditation.ca,None,'Disqus.com'
sandra.morrison@accreditation.ca,None,'Canva.com'
kathryn.sheppard@accreditation.ca,None,'Canva.com'
chantal.casault@accreditation.ca,None,'Canva.com'
erin.bonokoski@accreditation.ca,None,'Canva.com'
matthew.simpson@accreditation.ca,None,'Canva.com'
craig.macdonald@accreditation.ca,None,'Canva.com'
van.leduc@accreditation.ca,None,'Canva.com'
michael.friesen@accreditation.ca,None,'Canva.com'
danika.grenier@accreditation.ca,None,'Canva.com'
jennifer.drouin@accreditation.ca,None,'Canva.com'
jessica.barlow@accreditation.ca,None,'Canva.com'
john.rau@accreditation.ca,None,'Canva.com'
margorie.helie@accreditation.ca,None,'Zynga.com'
charlie.sem@accreditation.ca,None,'Twitter.com (scraping data)'
international@accreditation.ca,None,'Twitter.com (scraping data)'
sandra.morrison@accreditation.ca,None,'Twitter.com (scraping data)'
