Email,Password,Sources
info@accuworx.ca,3erfs**,'Unknown'
jrosset@accuworx.ca,daise****,'Unknown'
ksolski@accuworx.ca,72222***********,'LinkedIn.com'
nvanovereem@accuworx.ca,dutch***,'lddhs.ca'
customerservice@accuworx.ca,Holly*********,"'StockX.com', '8Tracks.com'"
rmalda@accuworx.ca,polic****,"'StockX.com', 'Houzz.com', '8Tracks.com'"
ddolby@accuworx.ca,Poppy*****,'Kickstarter.com'
dmitchelmore@accuworx.ca,tk3kk*,'AdultFriendFinder'
nmungal@accuworx.ca,None,'Canva.com'
akhehra@accuworx.ca,None,'Canva.com'
rcarter@accuworx.ca,None,'Zynga.com'
ksolski@accuworx.ca,None,'Twitter.com (scraping data)'
