Email,Password,Sources
bobb@accu-staff.com,8kayl**,"'LinkedIn.com', 'resumecourier.ca'"
bobb@accu-staff.com,kayla*,'Unknown'
kellyn@accu-staff.com,macta*****,'Houzz.com'
debbieb@accu-staff.com,disco*******,'LinkedIn.com'
lynne.thibodeau@accu-staff.com,fourd****,'resumecourier.ca'
mikek@accu-staff.com,fsu93***,'MoDaCo.com'
mikek@accu-staff.com,nHdBB******************,'Unknown'
mikes@accu-staff.com,maste**,'Unknown'
saraha@accu-staff.com,sarah*,'Collection 1'
sylviab@accu-staff.com,yello**,'LinkedIn.com'
victoriap@accu-staff.com,gh3pp*****,'Unknown'
marjorief@accu-staff.com,marjo*****,'Unknown'
debc@accu-staff.com,pooki****,'MyFitnessPal.com'
marissat@accu-staff.com,UR4ge******,'StockX.com'
marjorief@accu-staff.com,y6gn3******,'ClearVoiceSurveys.com'
lisa@accu-staff.com,None,'Canva.com'
debc@accu-staff.com,None,'Twitter.com (scraping data)'
