Email,Password,Sources
asmith@accu-link.ca,poohb****,'LinkedIn.com'
bdurocher@accu-link.ca,k.a.w*****,'Unknown'
bdurocher@accu-link.ca,wma98******,'Collection 1'
careers@accu-link.ca,Accul*******,'Unknown'
careers@accu-link.ca,bayle**,'Unknown'
lcorbett@accu-link.ca,foste****,'Unknown'
lwoolcott@accu-link.ca,ashde**,'LinkedIn.com'
mbrabant@accu-link.ca,melis***,'Unknown'
mpilavakis@accu-link.ca,br00k****,'Unknown'
phayrabedian@accu-link.ca,accu-*****,'Unknown'
pmunroe@accu-link.ca,pem20***,'Unknown'
krobichaud@accu-link.ca,None,'Canva.com'
mcarson@accu-link.ca,None,'Canva.com'
csteeves@accu-link.ca,None,'Canva.com'
cstevens@accu-link.ca,None,'Canva.com'
pcormier@accu-link.ca,None,'Canva.com'
bjessulat@accu-link.ca,None,'Canva.com'
lvalvasori@accu-link.ca,None,'Canva.com'
tseverin@accu-link.ca,None,'Twitter.com (scraping data)'
