Email,Password,Sources
bmacaskill@accuristix.com,bmw32****,'Unknown'
hstobbe@accuristix.com,charl****,'LinkedIn.com'
jfutino@accuristix.com,Grain*******,'Unknown'
GVujic@accuristix.com,sveta*******,'LinkedIn.com'
cmailloux@accuristix.com,accur******,'Unknown'
dberg@accuristix.com,db062****,'Unknown'
dbuck@accuristix.com,Fed91****,'LinkedIn.com'
mkhan@accuristix.com,Lmkps********,'Unknown'
smckay@accuristix.com,34762***********,'LinkedIn.com'
abailey@accuristix.com,princ****,'Unknown'
hcronin@accuristix.com,liam1**,'MyFitnessPal.com'
Tbertucci@accuristix.com,defau***********,'LiveAuctioneers.com'
