Email,Password,Sources
ctan@accucaps.com,grand*******,'Unknown'
sfin@accucaps.com,skyde****,'Unknown'
bmca@accucaps.com,tyber****,"'BCWars.com', 'Evony.com', 'Collection 1'"
boku@accucaps.com,Fall2****,'Unknown'
boku@accucaps.com,oakle****,'Unknown'
kgre@accucaps.com,10Zu4*********,'Unknown'
cfit@accucaps.com,chath***,'Unknown'
normag@accucaps.com,jesus**,'Unknown'
jlig@accucaps.com,jaz10***,'Collection 1'
jlop@accucaps.com,laure****,'LinkedIn.com'
jlopez@accucaps.com,20100****,'Unknown'
jmor@accucaps.com,28531***********,'LinkedIn.com'
ablonski@accucaps.com,P,'Unknown'
wpol@accucaps.com,wendy********,'LinkedIn.com'
JMCM@accucaps.com,trig2****,'Unknown'
amod@accucaps.com,33449**,'Unknown'
apip@accucaps.com,hank1****,'Unknown'
arod@accucaps.com,12345***,'Unknown'
arod@accucaps.com,85037*******,'Collection 1'
bbis@accucaps.com,26839***,'Unknown'
carm@accucaps.com,goawa**,'Collection 1'
cbon@accucaps.com,summe******,'Unknown'
clig@accucaps.com,marie****,'Unknown'
ddec@accucaps.com,omega**,'Unknown'
dtre@accucaps.com,CHOIC***,'Unknown'
dtre@accucaps.com,aXEju*****,'Unknown'
gbal@accucaps.com,56770***********,'LinkedIn.com'
ikon@accucaps.com,Nutel*******,"'en.cscsc.essentialskillsgroup.com', 'en.careers.essentialskillsgroup.com'"
jsko@accucaps.com,morel**,'Unknown'
klam@accucaps.com,demen****,'Unknown'
knet@accucaps.com,67714***********,'LinkedIn.com'
llia@accucaps.com,accuc****,'Collection 1'
lmcg@accucaps.com,kathy***,'Unknown'
lmcgrath@accucaps.com,avarx*****,'Unknown'
lsem@accucaps.com,Summe******,'Collection 1'
mpen@accucaps.com,18682**,'LinkedIn.com'
msch@accucaps.com,29850**,'Unknown'
msch@accucaps.com,83192***,'Collection 1'
rnol@accucaps.com,beatl***,'Collection 1'
sjab@accucaps.com,coffe**,'Unknown'
tbre@accucaps.com,99191**,'LinkedIn.com'
rspa@accucaps.com,toron*****,'MyFitnessPal.com'
hfly@accucaps.com,recru*******,'MyFitnessPal.com'
bmca@accucaps.com,OpenR*****,'Openraid.org'
pwar@accucaps.com,Tomte***,'pharmalicensing.com'
bmca@accucaps.com,Passw****,'Dropbox.com'
klin@accucaps.com,4xr78**,'MyHeritage.com'
mpio@accucaps.com,suzuk**,'MyHeritage.com'
apip@accucaps.com,merce********,"'Houzz.com', 'Slideteam.net'"
jluk@accucaps.com,hunte**,'Zacks.com'
apip@accucaps.com,autor******,'Zacks.com'
tbre@accucaps.com,nanon*******,'Zacks.com'
pagn@accucaps.com,megaj******,'Zacks.com'
rspa@accucaps.com,None,'Zynga.com'
tdun@accucaps.com,None,'Wattpad.com'
gbal@accucaps.com,None,'Twitter.com (scraping data)'
hfly@accucaps.com,None,'Twitter.com (scraping data)'
