Email,Password,Sources
bmcbain@accurassay.com,hithe***,'Unknown'
egranter@accurassay.com,joshu**,'LinkedIn.com'
rduncan@accurassay.com,maria**,'Dropbox.com'
jmoore@accurassay.com,Rhodi*****,'Evony.com'
assay@accurassay.com,assay*,'Unknown'
ddemianiuk@accurassay.com,bossm****,'Unknown'
gkajmowicz@accurassay.com,oracl*****,'Unknown'
jbrindley@accurassay.com,jb090****,'Unknown'
info@accurassay.com,bossm****,'Unknown'
aoleski@accurassay.com,turtl******,'8Tracks.com'
aoleski@accurassay.com,None,'Twitter.com (scraping data)'
