Email,Password,Sources
kyle@accutraccapital.com,Defg9******,'Unknown'
kyle@accutraccapital.com,Page1******,'Unknown'
charles@accutraccapital.com,cs122****,"'Houzz.com', 'Promo.com'"
charless@accutraccapital.com,CS122****,'Fling.com'
ken@accutraccapital.com,Alman*******,'Unknown'
kyle@accutraccapital.com,Boo12****,'Unknown'
online@accutraccapital.com,cs122****,'ShareThis.com'
ken@accutraccapital.com,Alman***,'Houzz.com'
Johannes@accutraccapital.com,Accut********,'Stealer Logs'
Josh@accutraccapital.com,Accut********,'Stealer Logs'
valerie@accutraccapital.com,None,'Canva.com'
