Email,Password,Sources
l.weber-haag@acculogic.com,angel****,'Unknown'
kevin.l@acculogic.com,aculo****,'Unknown'
kevin.l@acculogic.com,rivie***,'LinkedIn.com'
teni.satourian@acculogic.com,Natal***,'LinkedIn.com'
ramin.k@acculogic.com,90547******,'Unknown'
jobs@acculogic.com,glouc******,'Collection 1'
bizadi@acculogic.com,haide**,'LinkedIn.com'
bizadi@acculogic.com,yrtsr******,'visionsource-drgall.com'
a.toneva@acculogic.com,99200***********,'LinkedIn.com'
b.tucker@acculogic.com,b.tuc****,'Unknown'
b.tucker@acculogic.com,spiri*******,'MoDaCo.com'
farouk.e@acculogic.com,95223*,'Unknown'
farouk.e@acculogic.com,none9*****,"'ConnectPress.com', 'jobs.connectpress.com'"
greg.leblonc@acculogic.com,93067*,'Unknown'
greg.leblonc@acculogic.com,CBGGE*****,'Unknown'
h.rao@acculogic.com,goodd***,'LinkedIn.com'
hassan.ghassemi@acculogic.com,minah******,'LinkedIn.com'
homayoon.ahadian@acculogic.com,ahadi***,'Unknown'
j.melville@acculogic.com,accul*****,'Unknown'
k.dehkordi@acculogic.com,omid1****,'Unknown'
k.dehkordi@acculogic.com,shahr********,'Unknown'
m.ciuca@acculogic.com,vever****,"'ConnectPress.com', 'LinkedIn.com', 'catiacommunity.com', 'jobs.connectpress.com'"
mohamed.smyej@acculogic.com,webac*****,'LinkedIn.com'
p.bennett@acculogic.com,grsal****,'Unknown'
r.steel@acculogic.com,aug26***,'Unknown'
reza.z@acculogic.com,reza1*****,'Unknown'
sabety@acculogic.com,accul*****,'Collection 1'
sabety@acculogic.com,might*****,'LinkedIn.com'
smonk@acculogic.com,quark**,'Collection 1'
v.rodriguez@acculogic.com,vrdrg******,'LinkedIn.com'
x.yu@acculogic.com,62050**,'LinkedIn.com'
farouk.e@acculogic.com,banaf****,'Unknown'
j.stewart@acculogic.com,sexy,'Unknown'
taheri@acculogic.com,sunnu**,'Unknown'
ramin.motabar@acculogic.com,175ri******,'Unknown'
info@acculogic.com,spiri*******,'Unknown'
carl.ong@acculogic.com,mar3v******,'Unknown'
s.hammil@acculogic.com,12345**,'Dropbox.com'
r.reyes@acculogic.com,None,'Zynga.com'
l.he@acculogic.com,None,'Wattpad.com'
x.yu@acculogic.com,None,'Twitter.com (scraping data)'
