Email,Password,Sources
mary@accuratefasteners.com,ACC20***,'LinkedIn.com'
kdevereaux@accuratefasteners.com,holdt****,'LinkedIn.com'
kelly@accuratefasteners.com,moses*,'Unknown'
shawn@accuratefasteners.com,acc09***,'Evite.com'
tamara@accuratefasteners.com,lovel**,'Neopets.com'
reception@accuratefasteners.com,rose1**,'hype1.com'
richard@accuratefasteners.com,RICHA***,'Unknown'
richard@accuratefasteners.com,jenni****,'Unknown'
MBAZIW@ACCURATEFASTENERS.COM,24272**,'Collection 1'
george@accuratefasteners.com,J5354***,'blsindia-canada.com'
gerry@accuratefasteners.com,isabe****,'Unknown'
gerry@accuratefasteners.com,isabe*****,'Houzz.com'
jcagney@accuratefasteners.com,baile**,'Unknown'
mframe@accuratefasteners.com,ajxan****,'Unknown'
phil@accuratefasteners.com,philb****,'myhockeyrankings.com'
pwright@accuratefasteners.com,tripp****,'LinkedIn.com'
george@accuratefasteners.com,GF621****,'blsindia-canada.com'
george@accuratefasteners.com,GF621****,'blsindia-canada.com'
george@accuratefasteners.com,I-121**************,'Unknown'
vmarino@accuratefasteners.com,333ab*****,'Hautelook.com'
dpirrone@accuratefasteners.com,marle******,'MyFitnessPal.com'
jdepellegrin@accuratefasteners.com,06148*****,"'MyFitnessPal.com', 'Shein.com'"
dcusato@accuratefasteners.com,DOM12**,'long-mcquade.com'
tamara@accuratefasteners.com,babie**,'Evite.com'
billw@accuratefasteners.com,exgst*,'AdultFriendFinder'
dpirrone@accuratefasteners.com,None,'Twitter.com (scraping data)'
gerry@accuratefasteners.com,None,'Twitter.com (scraping data)'
