Email,Password,Sources
agill@accutech-design.com,rs15g****,'Unknown'
predman@accutech-design.com,58611****,'LinkedIn.com'
tmills@accutech-design.com,none3*****,"'ConnectPress.com', 'jobs.connectpress.com'"
rhartleib@accutech-design.com,butle**,'Unknown'
dminor@accutech-design.com,wrait**,"'Creocommunity.com', 'ConnectPress.com', 'Collection 1', 'catiacommunity.com', 'jobs.connectpress.com'"
jpen@accutech-design.com,accut****,'Collection 1'
roland@accutech-design.com,91864*,'Unknown'
roland@accutech-design.com,none9*****,"'ConnectPress.com', 'jobs.connectpress.com'"
roland@accutech-design.com,rol60**,'Unknown'
