Email,Password,Sources
kevin.sullivan@acdlabs.com,sjksj******,'Unknown'
jobs@acdlabs.com,r2d2c****,'Unknown'
aanderson@acdlabs.com,r0tat**,'Unknown'
leandro.berry@acdlabs.com,acd12**,'Bitly.com'
leandro.latorre@acdlabs.com,leole****,'Unknown'
Jeffery.Hendrycks@acdlabs.com,XJ7M2***,'LinkedIn.com'
Jeffery.Hendrycks@acdlabs.com,n8plg***,'Unknown'
a-anneat@acdlabs.com,fetow**,'Unknown'
amy@acdlabs.com,makmk**,'Unknown'
andrew.illsley@acdlabs.com,Hmsar*******,'Unknown'
arvin@acdlabs.com,acd12**,'Unknown'
barbara.brandau-krug@acdlabs.com,braba***,'Unknown'
daria.thorp@acdlabs.com,dzhur******,'LinkedIn.com'
david.adams@acdlabs.com,qwert****,'LinkedIn.com'
demian.erebus@acdlabs.com,Mn0ts****,'LinkedIn.com'
ellie.ricci@acdlabs.com,Josep***,'Unknown'
graham.mcgibbon@acdlabs.com,Li2pa*****,'LinkedIn.com'
guy.desmarquets@acdlabs.com,lolin***,'Unknown'
hans.debie@acdlabs.com,NM8DR*****,'Unknown'
ian.peirson@acdlabs.com,lsd99**,'LinkedIn.com'
info@acdlabs.com,27589**,'Collection 1'
irina.oshchepkova@acdlabs.com,Urals******,'LinkedIn.com'
irina@acdlabs.com,QA975****,'Unknown'
irina@acdlabs.com,irinu*****,'Hautelook.com'
irina@acdlabs.com,shura*,'Collection 1'
mike.partington@acdlabs.com,janin****,'Unknown'
mirjana.leitl@acdlabs.com,RUOm8*,'Unknown'
nancy.thomas@acdlabs.com,venic******,'Unknown'
rob@acdlabs.com,heidi**,'Elance.com'
rodito@acdlabs.com,r2d2c****,'vBulletin.org'
ryan.sasaki@acdlabs.com,Bonov***,"'Dropbox.com', 'LinkedIn.com'"
sales-asia@acdlabs.com,27589**,'Collection 1'
sales@acdlabs.com,27589**,'Collection 1'
sales_asia@acdlabs.com,27589**,'Collection 1'
sales_europe@acdlabs.com,27589**,'Collection 1'
sanji.bhal@acdlabs.com,1009h****,'LinkedIn.com'
scott@acdlabs.com,scott***,'LinkedIn.com'
scott@acdlabs.com,smack**,'Unknown'
steve.hayward@acdlabs.com,forty******,'Disqus.com'
tim@acdlabs.com,zygot******,'LinkedIn.com'
webmaster@acdlabs.com,27589**,'Collection 1'
dkendel@acdlabs.com,asdfg*****,"'Cre8ASiteForums.com', 'themoviegeek.com'"
dean.carlson@acdlabs.com,acd12**,'Cafepress.com'
sherry.myles@acdlabs.com,acd12**,'ShareThis.com'
catherine.commins@acdlabs.com,henry***,'Evite.com'
kelly@acdlabs.com,marie*,'Evite.com'
patrick.wheeler@acdlabs.com,549kr***,'Evite.com'
tara.sinclair@acdlabs.com,100mo******,'Evite.com'
irina@acdlabs.com,8hy4q**,'MyHeritage.com'
dean.carlson@acdlabs.com,12312*****,'GoNitro.com'
info@acdlabs.com,None,'Indiamart.com'
sales_asia@acdlabs.com,None,'Indiamart.com'
graham.mcgibbon@acdlabs.com,None,'Twitter.com (scraping data)'
irina@acdlabs.com,None,'Twitter.com (scraping data)'
