Email,Password,Sources
chamm@acebakery.com,fekpa**,'Unknown'
rshah@acebakery.com,Apple*****,'Unknown'
blockwood@acebakery.com,ponti***,'Unknown'
jhowie@acebakery.com,6969j**,'Unknown'
AShah@acebakery.com,chait*****,'LinkedIn.com'
JPritchard@acebakery.com,tegaz****,'LinkedIn.com'
cbaumann@acebakery.com,tucke******,'LinkedIn.com'
cmartinez@acebakery.com,yanke***,'LinkedIn.com'
divanicki@acebakery.com,dd121**,'businesscomputerskills.com'
dshahid@acebakery.com,sugar*****,'Unknown'
eburns@acebakery.com,frink**,'Unknown'
edie@acebakery.com,frink**,'Collection 1'
edie@acebakery.com,frink***,'Unknown'
fmitchell@acebakery.com,chick*****,'Unknown'
jbeaudoin@acebakery.com,richa***,'Unknown'
jely@acebakery.com,lady3****,'MySpace.com'
lhaynes@acebakery.com,64320***********,'LinkedIn.com'
lhaynes@acebakery.com,64346***********,'Unknown'
lhaynes@acebakery.com,aceba******,'MySpace.com'
mheywood@acebakery.com,bague****,'Unknown'
pgaudet@acebakery.com,pa$$w****,'Unknown'
piellimo@acebakery.com,hunte*****,'Unknown'
swingate@acebakery.com,73685***********,'LinkedIn.com'
hr@acebakery.com,12345***,'Unknown'
sloberto@acebakery.com,ehzjp******,'visionsource-drgall.com'
hosullivan@acebakery.com,heath*******,'MyFitnessPal.com'
lhaynes@acebakery.com,ilove*****,'MyFitnessPal.com'
abryant@acebakery.com,tyler****,'MyFitnessPal.com'
rwhelan@acebakery.com,miran***,'MyHeritage.com'
srouleau@acebakery.com,None,'Canva.com'
alyssia.dussiaume@acebakery.com,None,'Canva.com'
abryant@acebakery.com,None,'Twitter.com (scraping data)'
