Email,Password,Sources
bmyre@acep-cape.ca,garo2****,"'iMesh.com', 'Collection 1'"
bmyre@acep-cape.ca,garo2*****,'Unknown'
cvezina@acep-cape.ca,lucie**,'LinkedIn.com'
abrault@acep-cape.ca,Alex2****,'Unknown'
cpoirier@acep-cape.ca,pigis***,'LinkedIn.com'
JAggrey@acep-cape.ca,00012**,'Unknown'
cdanik@acep-cape.ca,grace**,'LinkedIn.com'
clebel@acep-cape.ca,marie****,'Unknown'
cobrien@acep-cape.ca,acep-********,'Unknown'
dfiander@acep-cape.ca,doors****,'ClearVoiceSurveys.com'
dmartin@acep-cape.ca,puppi***,'Collection 1'
hparis@acep-cape.ca,helen**,'LinkedIn.com'
igermain@acep-cape.ca,maika*,'Collection 1'
ipetrin@acep-cape.ca,arian***,'Unknown'
jouellette@acep-cape.ca,jean2****,'LinkedIn.com'
lgriffin@acep-cape.ca,lifei*******,'Unknown'
swensink@acep-cape.ca,dane1****,'Collection 1'
b.myre@acep-cape.ca,garo2****,'iMesh.com'
plebel@acep-cape.ca,escro******,"'Dropbox.com', '123RF.com'"
mcourty@acep-cape.ca,3glib**,'MyHeritage.com'
dmartin@acep-cape.ca,krbqq******,'Sendpulse.com'
poreilly@acep-cape.ca,None,'Canva.com'
bmyre@acep-cape.ca,None,'Twitter.com (scraping data)'
cdanik@acep-cape.ca,None,'Twitter.com (scraping data)'
cvezina@acep-cape.ca,None,'Twitter.com (scraping data)'
jouellette@acep-cape.ca,None,'Twitter.com (scraping data)'
