Email,Password,Sources
cthompson@achillesmedia.com,histo***,'Unknown'
cthompson@achillesmedia.com,histo*******,'Unknown'
agoldsman@achillesmedia.com,packm*****,'Bitly.com'
kzeppieri@achillesmedia.com,belie*****,'LinkedIn.com'
cfrancis@achillesmedia.com,achil****,'Unknown'
cfrancis@achillesmedia.com,charl****,'Unknown'
eli@achillesmedia.com,b69c5**,'Unknown'
dpeterson@achillesmedia.com,ovati****,'Unknown'
bshapiro@achillesmedia.com,achil*****,'MySpace.com'
nrahmani@achillesmedia.com,toron***,'Unknown'
rbanton@achillesmedia.com,hubba****,'Disqus.com'
cwong@achillesmedia.com,12345**,'Unknown'
jgroberman@achillesmedia.com,W28VN**,'Unknown'
jgroberman@achillesmedia.com,achil****,'Unknown'
jharkness@achillesmedia.com,ausp5****,'Unknown'
jharkness@achillesmedia.com,sher1****,'Collection 1'
nhatami@achillesmedia.com,bahat*****,'LinkedIn.com'
adavies@achillesmedia.com,lbb,'Collection 1'
amurie@achillesmedia.com,warne**,'Collection 1'
aplenter@achillesmedia.com,davi1****,'Unknown'
aplenter@achillesmedia.com,spei8****,'Collection 1'
avrankulj@achillesmedia.com,thegr******,'Bitly.com'
cmayhew@achillesmedia.com,emmal***,'Unknown'
dday@achillesmedia.com,myspa******,'MySpace.com'
dgould@achillesmedia.com,12345**,'Unknown'
dgould@achillesmedia.com,23456*,'Unknown'
dgould@achillesmedia.com,babyt****,'Unknown'
dgould@achillesmedia.com,karen*,'Unknown'
dgould@achillesmedia.com,prado**,'Unknown'
ecomfort@achillesmedia.com,Beame******,'Unknown'
fcohen@achillesmedia.com,madon***,'Unknown'
hpatel@achillesmedia.com,skill**,'Bitly.com'
info@achillesmedia.com,beame***,"'ameawards.com', 'newyorkfestivals.com'"
jsomers@achillesmedia.com,banff*****,'MySpace.com'
kseip@achillesmedia.com,digdu****,'Unknown'
kseip@achillesmedia.com,packm*****,"'mastheadonline.com', 'masthead.ca'"
kstauffer@achillesmedia.com,8995k**,'MySpace.com'
lbetterton@achillesmedia.com,Famel****,'Unknown'
lbetterton@achillesmedia.com,drows****,'Unknown'
lyatziv@achillesmedia.com,bgdvv**,'Unknown'
mgreenspan@achillesmedia.com,PV5Y5**,'Unknown'
mgreenspan@achillesmedia.com,Varie*******,'Unknown'
mgreenspan@achillesmedia.com,mca26***,'Collection 1'
mmiglioranza@achillesmedia.com,marni*****,'Unknown'
mmigliranza@achillesmedia.com,marni*****,'Unknown'
montgomery@achillesmedia.com,elian*,'Collection 1'
morpin@achillesmedia.com,aml-3***,'Bitly.com'
pwalsh@achillesmedia.com,sulph***,'LinkedIn.com'
rkhanan@achillesmedia.com,achil****,'Bitly.com'
rmontgomery@achillesmedia.com,fabyz*,"'mastheadonline.com', 'masthead.ca'"
rmontgomery@achillesmedia.com,rober**,'Unknown'
rmontgomry@achillesmedia.com,rober**,'Unknown'
ssheikh@achillesmedia.com,agape**,'Unknown'
trushton@achillesmedia.com,achil****,'Dropbox.com'
vlewis@achillesmedia.com,ness1****,'Unknown'
info@achillesmedia.com,xwsfy****,'Unknown'
avrankulj@achillesmedia.com,packm****,'ShareThis.com'
mmills@achillesmedia.com,5har3****,'ShareThis.com'
msoltysiak@achillesmedia.com,sunsh****,'ShareThis.com'
gbeekmans@achillesmedia.com,exnec******,'MySpace.com'
robert@achillesmedia.com,achil****,'Evite.com'
cwong@achillesmedia.com,savio***,'Wattpad.com'
agoldsman@achillesmedia.com,None,'Disqus.com'
cwong@achillesmedia.com,None,'Wattpad.com'
adavies@achillesmedia.com,None,'Disqus.com'
hpatel@achillesmedia.com,None,'Disqus.com'
avrankulj@achillesmedia.com,None,'Disqus.com'
larcher@achillesmedia.com,None,'Canva.com'
smuktar@achillesmedia.com,None,'Canva.com'
agoldsman@achillesmedia.com,None,'Twitter.com (scraping data)'
avrankulj@achillesmedia.com,None,'Twitter.com (scraping data)'
hpatel@achillesmedia.com,None,'Twitter.com (scraping data)'
