Email,Password,Sources
sonja@acibrands.com,2616,'Unknown'
susan@acibrands.com,Susan**,'LinkedIn.com'
anthony.cicchini@acibrands.com,colom****,'Unknown'
lee.smith@acibrands.com,24617***********,'LinkedIn.com'
cathy@acibrands.com,72040***********,'LinkedIn.com'
christine@acibrands.com,Chris******,'Unknown'
christine@acibrands.com,chris*****,'Unknown'
colin.mccleave@acibrands.com,desig****,'Unknown'
debjani@acibrands.com,debja***,'LinkedIn.com'
jeff@acibrands.com,05145**,'Unknown'
johnv@acibrands.com,jv007****,'LinkedIn.com'
marie@acibrands.com,buste**,'Unknown'
marion@acibrands.com,linke****,'Unknown'
matt@acibrands.com,Super*****,'Unknown'
nicole.hobin@acibrands.com,Conef******,'Collection 1'
nicole.hobin@acibrands.com,bianc**,'Unknown'
alex.vlacich@acibrands.com,av598****,'Unknown'
alysia@acibrands.com,passw****,'Hautelook.com'
sarah@acibrands.com,acibr*********,'Hautelook.com'
mikeg@acibrands.com,C216-***,'Unknown'
alex.vlacich@acibrands.com,av598*****,'MyFitnessPal.com'
john@acibrands.com,jaggd****,'Evite.com'
teresita@acibrands.com,panca***,'Evite.com'
alysia@acibrands.com,passw**********,'Hautelook.com'
ash.kumar@acibrands.com,ashma*****,'Hautelook.com'
andrew.eastwood@acibrands.com,billy****,'Dailymotion.com'
andrew.eastwood@acibrands.com,None,'Twitter.com (scraping data)'
