Email,Password,Sources
agf@acieragf.com,12039*,'Bizbilla.com'
luc.guevin@acieragf.com,195mi*****,'LinkedIn.com'
atr@acieragf.com,59436*,'Bizbilla.com'
pierre.colangelo@acieragf.com,belki**,'pdf-manual.jpn.com'
sylvain.saucier@acieragf.com,ssrag*****,'Collection 1'
sylvain.vaillancourt@acieragf.com,vic15******,'Unknown'
JUSTIN.HEROUX@ACIERAGF.COM,u9ksh*,'AdultFriendFinder'
Pierre.Chagnon@acieragf.com,514ju*****,'Jefit.com'
chloe.gauvin@acieragf.com,None,'Canva.com'
vanessa.lacasse@acieragf.com,None,'Canva.com'
ecan@acieragf.com,None,'Canva.com'
magalie.deblois@acieragf.com,None,'Canva.com'
Pierre.Chagnon@acieragf.com,None,'Twitter.com (scraping data)'
