Email,Password,Sources
james.cole@acl-uk.org,guelp****,'Unknown'
bobby.amin@acl-uk.org,nemes****,'Unknown'
bobby.amin@acl-uk.org,nemes***,'Unknown'
bobby.amin@acl-uk.org,rover*****,'Unknown'
chris.tunbridge@acl-uk.org,landr****,'Unknown'
chris.tunbridge@acl-uk.org,landr*****,'Unknown'
sam.mccrimmon@acl-uk.org,Nice1****,'Unknown'
Simon.Arthur@acl-uk.org,sl4hu**,'Unknown'
Tracey.Buckmaster@acl-uk.org,bryne**,'Unknown'
andrew.jurd@acl-uk.org,g0tbi***,'Unknown'
andrew.jurd@acl-uk.org,g0tbi****,'Unknown'
andy.clark@acl-uk.org,manut**,'Unknown'
christine.allen@acl-uk.org,barsi****,'Unknown'
christine.allen@acl-uk.org,frado**,'Unknown'
christine.allen@acl-uk.org,kelli***,'MySpace.com'
christineallen@acl-uk.org,barsi****,'Unknown'
lesley.waring@acl-uk.org,gatwi***,'Unknown'
peter.robinson@acl-uk.org,manc1***,'Unknown'
stuart.henderson@acl-uk.org,joann****,'Unknown'
tony.simons@acl-uk.org,p0tte**,'Unknown'
Andy.pelham@acl-uk.org,mylov**********,'MyFitnessPal.com'
peter.watson@acl-uk.org,lavin*****,'MyHeritage.com'
bobby.amin@acl-uk.org,None,'Twitter.com (scraping data)'
