Email,Password,Sources
james.feenstra@aclighting.com,89546****,'Unknown'
james.molony@aclighting.com,Jands******,'Unknown'
bob@aclighting.com,bogie*****,'Unknown'
keith.lewandowski@aclighting.com,82273**,'Unknown'
kevin.fitz-simons@aclighting.com,patt2**,'Unknown'
patrik.svennson@aclighting.com,patri**,'Unknown'
rhonda.holmes@aclighting.com,1godd****,'Unknown'
Mona-Lize.Snyman@aclighting.com,bosto**,'Unknown'
alan@aclighting.com,rclak*****,'Fling.com'
anastasia.prevel@aclighting.com,Passw****,'Unknown'
andy.mahaffey@aclighting.com,andy4****,'LinkedIn.com'
asha.ross@aclighting.com,pafaR*********,'Unknown'
cally.bacchus@aclighting.com,Bakeh*****,'forums.shell-livewire.com'
fred.mikeska@aclighting.com,mike6******,"'Kickstarter.com', 'LinkedIn.com'"
glen.thompson@aclighting.com,sqrhr*******,'Collection 1'
glyn.odonoghue@aclighting.com,samue**,'LinkedIn.com'
gordon.smith@aclighting.com,palac**,'LinkedIn.com'
lori.bennett@aclighting.com,M8W4W*****,'Unknown'
melanie.day@aclighting.com,d4nge*******,'Unknown'
neil.hornsby@aclighting.com,Bagle****,'Unknown'
neil.hornsby@aclighting.com,refer******,'MySpace.com'
neil.hornsby@aclighting.com,theyc*************,'Unknown'
neil.hornsby@aclighting.com,wycuw****,"'Badoo.com', 'Zoosk.com'"
neil.muir@aclighting.com,wuale*******,'Collection 1'
peter.butler@aclighting.com,centa****,'Collection 1'
peter.butler@aclighting.com,peter*******,'Unknown'
peter.butler@aclighting.com,tuacb*******,'Collection 1'
phill@aclighting.com,samue*,'Unknown'
phill@aclighting.com,samue*,'MySpace.com'
sales@aclighting.com,3ab87************,'Unknown'
sales@aclighting.com,8995,'Unknown'
david.goodman@aclighting.com,28104*,'AdultFriendFinder'
nicole.spencer@aclighting.com,None,'Canva.com'
fred.mikeska@aclighting.com,None,'Twitter.com (scraping data)'
