Email,Password,Sources
tlovely-gallant@aclsteel.ca,5762f*********,'Unknown'
ldoerr@aclsteel.ca,janeg*******,'Unknown'
dvenne@aclsteel.ca,3comp****,'Unknown'
pseibel@aclsteel.ca,65926***********,'LinkedIn.com'
cseibel@aclsteel.ca,<??`9***,'Unknown'
dvenne@aclsteel.ca,3comp**************,'Unknown'
rdube@aclsteel.ca,1r9s8***,'Unknown'
lblack@aclsteel.ca,black****,'MyFitnessPal.com'
snice@aclsteel.ca,5c3a8*,'AdultFriendFinder'
pseibel@aclsteel.ca,None,'Ledger.com'
paul.seibel@aclsteel.ca,None,'Ledger.com'
sdosman@aclsteel.ca,None,'Twitter.com (scraping data)'
