Email,Password,Sources
kham@acml.ca,stay,'Unknown'
kham@acml.ca,stay@****,'Unknown'
careers@acml.ca,expos***,'Unknown'
fsjcarp@acml.ca,india******,'Unknown'
gherman@acml.ca,51059**,'Unknown'
gherman@acml.ca,pacif*******,'Unknown'
mzambelas@acml.ca,dumag******,'Unknown'
plukkarinen@acml.ca,toron***,'Unknown'
fsjcarp@acml.ca,!,'Unknown'
mzambelas@acml.ca,!,'Unknown'
careers@acml.ca,!,'Unknown'
gherman@acml.ca,!,'Unknown'
kham@acml.ca,!,'Unknown'
fmawani@acml.ca,Donis*****,'Unknown'
careers@acml.ca,ethan*****,'Unknown'
careers@acml.ca,sens1****,'Unknown'
cmceldon@acml.ca,nikol*****,'MyFitnessPal.com'
fsjcarp@acml.ca,redgr****,'Unknown'
kham@acml.ca,59213**,'Unknown'
mzambelas@acml.ca,medic**,'Unknown'
lrapos@acml.ca,Ajam1**,'AnimalJam.com'
jyellery@acml.ca,None,'Pixlr.com'
