Email,Password,Sources
keepitalive@aco-cso.ca,accho*,'Unknown'
tlr@aco-cso.ca,spide**,'Unknown'
manager@aco-cso.ca,ruthl*****,'MySpace.com'
Mens.health.project@aco-cso.ca,secon*****,'LinkedIn.com'
ed@aco-cso.ca,ossa5***,'LinkedIn.com'
mens.health.project@aco-cso.ca,t1una******,'MySpace.com'
mens.health@aco-cso.ca,n9bir***,'MySpace.com'
volunteer@aco-cso.ca,needs*******,'Unknown'
connect@aco-cso.ca,f44f,'healthylivingcalendars.com'
harmreduction@aco-cso.ca,uncle*******,'Evite.com'
mens.health.project@aco-cso.ca,acocs**,'Evite.com'
volunteer@aco-cso.ca,escab**,'Evite.com'
volunteer@aco-cso.ca,None,'Disqus.com'
taib@aco-cso.ca,None,'Canva.com'
anna@aco-cso.ca,None,'Canva.com'
eno@aco-cso.ca,None,'Canva.com'
imad@aco-cso.ca,None,'Canva.com'
info@aco-cso.ca,None,'Canva.com'
claire@aco-cso.ca,None,'Canva.com'
david@aco-cso.ca,None,'Canva.com'
sonya@aco-cso.ca,None,'Canva.com'
