Email,Password,Sources
acorncanada@acorncanada.org,40776**,"'ShareThis.com', 'Disqus.com'"
onacornto4@acorncanada.org,water****,'Bitly.com'
acorncanada@acorncanada.org,js407****,'Bitly.com'
bcacornva@acorncanada.org,txteu****,'123RF.com'
toronto@acorncanada.org,None,'Canva.com'
torontoFO@acorncanada.org,None,'Canva.com'
ottawaadmin@acorncanada.org,None,'Canva.com'
ottawaintern@acorncanada.org,None,'Canva.com'
fielddirector@acorncanada.org,None,'Canva.com'
metrovan@acorncanada.org,None,'Canva.com'
bclo@acorncanada.org,None,'Canva.com'
canadaacorn@acorncanada.org,None,'Canva.com'
ottawa@acorncanada.org,None,'Zynga.com'
acorncanada@acorncanada.org,None,'Twitter.com (scraping data)'
