Email,Password,Sources
adam_pask@acp99.com,adamp****,'LinkedIn.com'
jim_dubay@acp99.com,Laure****,'Unknown'
nicklewis@acp99.com,nicke*****,'Unknown'
david_granovsky@acp99.com,brook****,'LinkedIn.com'
miray_granovsky@acp99.com,ggggg****,'Unknown'
miraygranovsky@acp99.com,joshu****,'Neopets.com'
mohearn@acp99.com,Q0622****,'Unknown'
ncote@acp99.com,Unive*******,'Unknown'
steve_lombardi@acp99.com,QI394****,'Unknown'
sylvain_jutras@acp99.com,xxx,'Unknown'
sylvain_jutras@acp99.com,chial*****,'MyFitnessPal.com'
miray_granovsky@acp99.com,miray**,'Houzz.com'
david_granovsky@acp99.com,demoh******,'Zacks.com'
dale_butler@acp99.com,None,'Canva.com'
dbutler@acp99.com,None,'Canva.com'
david_granovsky@acp99.com,None,'Twitter.com (scraping data)'
sylvain_jutras@acp99.com,None,'Twitter.com (scraping data)'
