Email,Password,Sources
cshaw@acpa.ca,popsh***,'LinkedIn.com'
bmurray@acpa.ca,brian****,'LinkedIn.com'
tguest@acpa.ca,boein******,'LinkedIn.com'
tmanuge@acpa.ca,55882*,'Unknown'
tmanuge@acpa.ca,Secur************,'Unknown'
tmanuge@acpa.ca,conta*******,'Unknown'
BWisznioski@acpa.ca,08tac****,'LinkedIn.com'
Srobertson@acpa.ca,aseli**,'LinkedIn.com'
aminor@acpa.ca,55769*,'Unknown'
aminor@acpa.ca,59899*,'Unknown'
aminor@acpa.ca,86618*,'Unknown'
bwisznioski@acpa.ca,08tac***,'Unknown'
cmavromichalis@acpa.ca,acpil****,'aviationimages2.captureweb.co.uk'
dcomeau@acpa.ca,27086**,'LinkedIn.com'
dhudson@acpa.ca,h4eri**,'Unknown'
fcoates@acpa.ca,lau7r**,'Unknown'
gwall@acpa.ca,44can****,'Unknown'
gwall@acpa.ca,canad**,'Dropbox.com'
lgrignon@acpa.ca,PZFJL****,'Unknown'
lgrignon@acpa.ca,lucli*******,'Unknown'
lhall@acpa.ca,golde**,'LinkedIn.com'
mmarchese@acpa.ca,tsdus***,'Unknown'
mmohamedbhai@acpa.ca,19101****,'Unknown'
mpalser@acpa.ca,4622,'Unknown'
mpalser@acpa.ca,66502*************************,'Unknown'
mpalser@acpa.ca,6OPSo*******,'Unknown'
nbaksh@acpa.ca,nadir***,'Collection 1'
phoward@acpa.ca,2789,'Unknown'
srobertson@acpa.ca,86600*,'Unknown'
ssmith@acpa.ca,myboy******,'long-mcquade.com'
gmarquis@acpa.ca,passw****,'Houzz.com'
mhickey@acpa.ca,Houzz**,'Houzz.com'
PHoward@acpa.ca,Molly*****,"'Collection 1', 'LinkedIn.com'"
mpalser@acpa.ca,slain****,"'Kickstarter.com', 'ShareThis.com'"
acpayvr@acpa.ca,alfre**,'Evite.com'
bsparks@acpa.ca,acpa1****,'123RF.com'
mgoostrey@acpa.ca,kpqd8*,'AdultFriendFinder'
mpalser@acpa.ca,46224****,"'Houzz.com', 'Dropbox.com'"
mpalser@acpa.ca,$4acp*******,'Stealer Logs'
mpalser@acpa.ca,None,'Canva.com'
phoward@acpa.ca,None,'Disqus.com'
grussell@acpa.ca,None,'Twitter.com (scraping data)'
rpellatt@acpa.ca,None,'Twitter.com (scraping data)'
sgallant@acpa.ca,None,'Twitter.com (scraping data)'
