Email,Password,Sources
jkish@acrobat-research.com,cecil**,"'Elance.com', 'Collection 1'"
church@acrobat-research.com,sc072**,'Unknown'
dbeaudry@acrobat-research.com,monst*****,'LinkedIn.com'
eargue@acrobat-research.com,pucke******,'Unknown'
laurie@acrobat-research.com,squig*****,'Unknown'
mellinwood@acrobat-research.com,bedof*****,'Unknown'
ryan@acrobat-research.com,civic****,'Unknown'
scampbell@acrobat-research.com,cuddl***,'Unknown'
tsinke@acrobat-research.com,1234,'Unknown'
tsinke@acrobat-research.com,88esc****,'Unknown'
victor@acrobat-research.com,lindo*****,'MySpace.com'
tsinke@acrobat-research.com,passw****,'Unknown'
church@acrobat-research.com,natha********,'MyFitnessPal.com'
rolamd@acrobat-research.com,c2962****,'MyFitnessPal.com'
ashemat@acrobat-research.com,Barin******,'Cafepress.com'
church@acrobat-research.com,None,'Twitter.com (scraping data)'
