Email,Password,Sources
rsharpe@acrolab.com,saman****,'LinkedIn.com'
jhodgins@acrolab.com,acrol***,'Elance.com'
jhodgins@acrolab.com,rwvsE****,'plasticsemarket.com'
ajarosz@acrolab.com,warch***,'Unknown'
jouellette@acrolab.com,acrol***,'plasticsemarket.com'
jouellette@acrolab.com,heads****,'Unknown'
lblasutto@acrolab.com,anita*******,'plasticsemarket.com'
lblasutto@acrolab.com,isola**,'Collection 1'
lozsoy@acrolab.com,eseka****,'Unknown'
mbarzotto@acrolab.com,112hc**,'Unknown'
pdelaney@acrolab.com,delan*,'Unknown'
smcainey@acrolab.com,77777****,'Unknown'
jouellette@acrolab.com,walla***,"'Whitepages.com', 'Evite.com'"
