Email,Password,Sources
ctunstead@acs.on.ca,Bonke***,'Unknown'
atrojand@acs.on.ca,roots****,'Collection 1'
atrojand@acs.on.ca,roots******,'MyFitnessPal.com'
bbrough@acs.on.ca,15149******,'Unknown'
jpolicella@acs.on.ca,acsja****,'Unknown'
mtrojand@acs.on.ca,cd/Oi*********,'Unknown'
mtrojand@acs.on.ca,cddec****,'Unknown'
mwhittle@acs.on.ca,walle****,'LinkedIn.com'
psantin@acs.on.ca,lacha**,'Unknown'
schaput@acs.on.ca,129ge****,'Unknown'
abosley@acs.on.ca,fitch****,'MyFitnessPal.com'
mtrojand@acs.on.ca,444wi***,'Cafepress.com'
psantin@acs.on.ca,theca**,"'Hautelook.com', 'Zynga.com'"
mmartin@acs.on.ca,m1kem*****,"'MyHeritage.com', 'Evite.com'"
psantin@acs.on.ca,None,'Zynga.com'
atrojand@acs.on.ca,None,'Twitter.com (scraping data)'
bwhite@acs.on.ca,None,'Twitter.com (scraping data)'
