Email,Password,Sources
ctheberge@acta.ca,1clM1*,'Unknown'
ctheberge@acta.ca,passw****,'Unknown'
actaatlantic@acta.ca,a0b03**,'Unknown'
actaatlantic@acta.ca,acta1***,'Unknown'
actaquebec@acta.ca,acta1**,'Unknown'
cchilton@acta.ca,Hiker****,'Unknown'
communications@acta.ca,12345**,'Unknown'
communications@acta.ca,passw****,'Unknown'
communications@acta.ca,qwert**,'Unknown'
communications@acta.ca,yAMtf*,'Unknown'
dgaudette@acta.ca,Trave******,'Unknown'
dmccaig@acta.ca,danie**,'LinkedIn.com'
edaisley@acta.ca,ACTA2****,"'Dropbox.com', 'LinkedIn.com'"
gralph@acta.ca,aware*****,'LinkedIn.com'
hcraig-peddie@acta.ca,river*****,'Unknown'
nwadden@acta.ca,12345**,'Unknown'
rwilliams@acta.ca,70ejH******,'Unknown'
ssirois@acta.ca,passw****,'Unknown'
bsutherland@acta.ca,brand****,'Unknown'
cgannon@acta.ca,kandi******,'Unknown'
dosborne@acta.ca,ACTA0****,'Unknown'
lharris@acta.ca,Harri****,'Unknown'
mbrown@acta.ca,summe**,'Unknown'
mmartel@acta.ca,pooky****,'Unknown'
cchilton@acta.ca,sailb****,'Animoto.com'
edaisley@acta.ca,ACTA1****,'Dubsmash.com'
edaisley@acta.ca,None,'Zynga.com'
mmartel@acta.ca,None,'Canva.com'
cchilton@acta.ca,None,'Twitter.com (scraping data)'
communications@acta.ca,None,'Twitter.com (scraping data)'
