Email,Password,Sources
rbvoc@actechnical.com,17121****,'LinkedIn.com'
aberenyi@actechnical.com,diamo***,'Unknown'
aberenyi@actechnical.com,diate**************,'Unknown'
jgaspar@actechnical.com,jtg74****,'Unknown'
cdaigle@actechnical.com,daigl******,'LinkedIn.com'
flee@actechnical.com,miche******,"'Dropbox.com', 'LinkedIn.com'"
gdigiorgio@actechnical.com,racha***,'Unknown'
msales@actechnical.com,2100F******,'Collection 1'
myoung@actechnical.com,Metho**,'MyHeritage.com'
myoung@actechnical.com,micha***,'Xbox360ISO.com'
pbrown@actechnical.com,haine*******,'LinkedIn.com'
slatour@actechnical.com,freak******,'Unknown'
stomilson@actechnical.com,09097**,'LinkedIn.com'
flee@actechnical.com,yahoo*****,'Storybird.com'
pbrown@actechnical.com,l7sn1**,'MyHeritage.com'
pmacdonald@actechnical.com,macdo*****,'Dropbox.com'
