Email,Password,Sources
ekaterina.yashina@actimind.com,actim****,'Unknown'
Maya.Novikova@actimind.com,eisai****,'MySpace.com'
alexandra@actimind.com,bfq0a****,'Unknown'
arsen@actimind.com,ITCad****,"'VK.com', 'Collection 1'"
devnull@actimind.com,sashk**,'Unknown'
dmitry.jitomirsky@actimind.com,123qw**,'VK.com'
kostenko@actimind.com,qazws*****,'VK.com'
mavrenkov@actimind.com,rhfab****,'Unknown'
maya.novikova@actimind.com,59mil**,'Unknown'
natalya.matson@actimind.com,Choi6****,'Avito.ru'
natalya.matson@actimind.com,natas***,'Unknown'
natalya.matson@actimind.com,natas*****,'Unknown'
onc@actimind.com,Olga2****,'Last.fm'
peradze@actimind.com,elois**,'Unknown'
peradze@actimind.com,spCZC**,'uniondeexportadores.com'
seniushkina@actimind.com,soons******,'Unknown'
slash@actimind.com,slash**********,'Unknown'
sokolova@actimind.com,14305***,'Unknown'
vasily.fedorov@actimind.com,Cfye2****,'Collection 1'
vasily.fedorov@actimind.com,Cfye4****,'Unknown'
vladimir@actimind.com,korne**,'loady.de'
yura@actimind.com,eltw8****,'Elance.com'
zeveke@actimind.com,actis****,'Elance.com'
zeveke@actimind.com,gru37*****,"'VK.com', 'Twitter.com'"
zeveke@actimind.com,tel3P***,"'Last.fm', 'Twitter.com'"
im@actimind.com,korne**,'Unknown'
onc@actimind.com,dopup****,'Unknown'
vladimir@actimind.com,ee620***,'Unknown'
natalya.matson1@actimind.com,natas*****,'Unknown'
slash@actimind.com,slash**********,'Unknown'
gubnitsina@actimind.com,29ira***,'Avito.ru'
natasha.matson@actimind.com,gzjkb****,'Avito.ru'
onc@actimind.com,wkrxq****,'Avito.ru'
mike.boutorin@actimind.com,aCtiD****,'Gsmhosting.com'
spamirbis@actimind.com,qwasz**,'Loveplanet.ru'
anastasya.mansurova@actimind.com,actim****,'Bookvoed.ru'
slash@actimind.com,slash************,'MyHeritage.com'
pavel.guseynov@actimind.com,None,'Canva.com'
anastasya.antonova@actimind.com,None,'CDEK'
antonova@actimind.com,None,'CDEK'
arsen@actimind.com,None,'CDEK'
mansurova@actimind.com,None,'CDEK'
ivanov@actimind.com,None,'dns-shop.ru'
