Email,Password,Sources
anthony@activationproducts.com,joejo**,"'Dropbox.com', '123RF.com'"
brett.bailey@activationproducts.com,brett****,'Unknown'
amanda.dobson@activationproducts.com,adob1***,'Unknown'
brad.trumper@activationproducts.com,iLioU****,'Unknown'
brad.trumper@activationproducts.com,iLioU******,'Unknown'
molly.kett@activationproducts.com,molly*****,'Unknown'
sarah.beranger@activationproducts.com,sbera******,'Unknown'
sarah.khan@activationproducts.com,apskh******,'Unknown'
luke.dimarco@activationproducts.com,trasa****,'ShareThis.com'
allan@activationproducts.com,enfjp****,'123RF.com'
sarah.beranger@activationproducts.com,None,'Canva.com'
ian@activationproducts.com,None,'Canva.com'
facebook@activationproducts.com,None,'Canva.com'
sarah.felgemacher@activationproducts.com,None,'Canva.com'
jeanette.sousa@activationproducts.com,None,'Canva.com'
pj@activationproducts.com,None,'Canva.com'
advertise@activationproducts.com,None,'Canva.com'
lindsey.weeks@activationproducts.com,None,'Canva.com'
quinn.mcdermott@activationproducts.com,None,'Canva.com'
brett.fairall@activationproducts.com,None,'Canva.com'
brittany.knight@activationproducts.com,None,'Canva.com'
heather.hill@activationproducts.com,None,'Canva.com'
