Email,Password,Sources
cterrett@activo.ca,lakef*******,'LinkedIn.com'
eliteghill@activo.ca,owls1****,'Unknown'
ldeguia@activo.ca,jelen****,'Unknown'
CChen@activo.ca,quoft***,'LinkedIn.com'
careers@activo.ca,5xf,'Collection 1'
careers@activo.ca,5xf0y****,'Collection 1'
cchen@activo.ca,quoft**,'Unknown'
ghill@activo.ca,4165i****,'Unknown'
ghill@activo.ca,owls1****,'Collection 1'
ishuya@activo.ca,teamo*****,'LinkedIn.com'
jutaylor@activo.ca,75968***********,'LinkedIn.com'
lmcleod@activo.ca,Maest***,'Unknown'
lmcleod@activo.ca,Maest****,"'realtimepublishers.com', 'alura.net'"
lpotter@activo.ca,David*****,'Unknown'
mspears@activo.ca,m1l1t****,'Mate1.com'
podnoletkov@activo.ca,8c11f**,'Unknown'
sbelfry@activo.ca,Nicho**********,'Collection 1'
scook@activo.ca,musKo***,'LinkedIn.com'
sdenike@activo.ca,caleb*****,'Collection 1'
wxavier@activo.ca,Brazi****,'LinkedIn.com'
info@activo.ca,paulo****,'Unknown'
info@activo.ca,f907,'healthylivingcalendars.com'
pdurrer@activo.ca,londo*****,'MyFitnessPal.com'
jtaylor@activo.ca,cotta***,"'MyFitnessPal.com', 'Evite.com'"
rcicurskis@activo.ca,asiag******,'MyFitnessPal.com'
kgillingham@activo.ca,pa$$w****,"'MyFitnessPal.com', '8fit.com', 'Dropbox.com'"
kgraham@activo.ca,1qaz@****,"'Whitepages.com', 'Houzz.com'"
skhankan@activo.ca,smsr1****,'Dropbox.com'
pyoung@activo.ca,activ***,'Strongholdkingdoms.com'
tgranger@activo.ca,luvlu****,'Mathway.com'
rcicurskis@activo.ca,b6d5e***,'AlpineReplay.com'
kgillingham@activo.ca,None,'Zynga.com'
aedlund@activo.ca,None,'Zynga.com'
khunter@activo.ca,None,'Zynga.com'
swhitmore@activo.ca,None,'Zynga.com'
jtaylor@activo.ca,None,'Twitter.com (scraping data)'
kgillingham@activo.ca,None,'Twitter.com (scraping data)'
rcicurskis@activo.ca,None,'Twitter.com (scraping data)'
