Email,Password,Sources
hbrodie@actioncontrelafaim.ca,1eepi*********,'LinkedIn.com'
info@actioncontrelafaim.ca,13548****,'MySpace.com'
vsauveplane@actioncontrelafaim.ca,cambo****,'Dropbox.com'
info@actioncontrelafaim.ca,None,'Canva.com'
clenormand@actioncontrelafaim.ca,None,'Canva.com'
communication@actioncontrelafaim.ca,None,'Canva.com'
opsintern@actioncontrelafaim.ca,None,'Canva.com'
smartintern@actioncontrelafaim.ca,None,'Canva.com'
xzhao@actioncontrelafaim.ca,None,'Canva.com'
hahmed@actioncontrelafaim.ca,None,'Canva.com'
info@actioncontrelafaim.ca,None,'Twitter.com (scraping data)'
