Email,Password,Sources
sergio@actlabs.com,marci**,'LinkedIn.com'
martinrittau@actlabs.com,gypsy***,'Unknown'
kgomez@actlabs.com,k1491******,'LinkedIn.com'
jarvisburden@actlabs.com,golea*****,'LinkedIn.com'
randypeterson@actlabs.com,13481****,'Unknown'
erichoffman@actlabs.com,baile**,'Unknown'
danwilliams@actlabs.com,Bayou*****,'LinkedIn.com'
customerservice@actlabs.com,custo***********,'Unknown'
jesushernandez@actlabs.com,alber***,'LinkedIn.com'
jesussalazar@actlabs.com,salaz******,'LinkedIn.com'
AdinaMarin@actlabs.com,razva*****,'LinkedIn.com'
CHamilton@actlabs.com,procm******,'Unknown'
ETerentiev@actlabs.com,v7ywh****,'Unknown'
EstherBolger@actlabs.com,karma************,'LinkedIn.com'
Steven@actlabs.com,15090**,'Unknown'
TOvens@actlabs.com,he50g****,'Unknown'
YKapusta@actlabs.com,actla***,'Unknown'
a_rittau@actlabs.com,speci******,'Unknown'
ahoffman@actlabs.com,baile***,'Unknown'
ana@actlabs.com,hurta*********,'Unknown'
anabischoff@actlabs.com,hurta***,'LinkedIn.com'
cdread@actlabs.com,morga****,'LinkedIn.com'
dalesutherland@actlabs.com,satur**,'Unknown'
hoffman@actlabs.com,179b6************,'gac.ca'
hoffman@actlabs.com,Felyc***,'Unknown'
hoffman@actlabs.com,ripcu***,'Unknown'
hr@actlabs.com,resou****,'LinkedIn.com'
jacobsj@actlabs.com,Laura********,'Unknown'
mariofranchino@actlabs.com,80iMC****,'steel-360.com'
mattjohnson@actlabs.com,alder*****,'Unknown'
ninasalmi@actlabs.com,chich***,'LinkedIn.com'
perth@actlabs.com,passw****,'Unknown'
robhoffman@actlabs.com,81787***********,'LinkedIn.com'
ryanmackie@actlabs.com,drows****,'Unknown'
tovens@actlabs.com,he56g****,'Unknown'
tyrelbrooks@actlabs.com,boott*********,'Evony.com'
ahoffman@actlabs.com,cazjt******,'visionsource-drgall.com'
marcspeziale@actlabs.com,ariel***,'Zynga.com'
RMackie@actlabs.com,qwfr3****,'LinkedIn.com'
veronicadicecco@actlabs.com,Activ*********,'123RF.com'
fredy@actlabs.com,Eveni*****,'8Tracks.com'
ahoffman@actlabs.com,None,'Twitter.com (scraping data)'
