Email,Password,Sources
khartley@actoronto.org,actor*****,'LinkedIn.com'
rrhodes@actoronto.org,colin*****,'Unknown'
nrodrigue@actoronto.org,serge*****,'MySpace.com'
joconnor@actoronto.org,jaybo**,'LinkedIn.com'
aceranto@actoronto.org,howar****,'LinkedIn.com'
nick.rodrigue@actoronto.org,serge*****,'MySpace.com'
ask@actoronto.org,zuzan**,'Unknown'
bhoughton@actoronto.org,mered*****,'MySpace.com'
bhrehoruk@actoronto.org,sp6Sx*********,'Unknown'
bhrehoruk@actoronto.org,spike****,'Unknown'
fdasilva@actoronto.org,maxic***,'LinkedIn.com'
jtaulla@actoronto.org,pooni**,'Unknown'
llucier@actoronto.org,grape**,'Unknown'
mmarr@actoronto.org,33333**,'Unknown'
pjohnston@actoronto.org,educa****,'Zoosk.com'
pjohnston@actoronto.org,igsof****,'Unknown'
ppanzo@actoronto.org,dont4****,'LinkedIn.com'
pstephenson@actoronto.org,akade****,'Unknown'
joconnor@actoronto.org,james****,'hype1.com'
nboyce@actoronto.org,bovin**,'MyHeritage.com'
aparks@actoronto.org,24123**,'youthmovements.org'
bhoughton@actoronto.org,mered*****,'youthmovements.org'
pyo@actoronto.org,actor*****,'youthmovements.org'
tstiem@actoronto.org,suzet*******,'LiveJournal'
jmaxwell@actoronto.org,cooki**,'Houzz.com'
she@actoronto.org,actsh****,'ShareThis.com'
gchiutsi@actoronto.org,06087**,'Evite.com'
lpatel@actoronto.org,purvi*******,'Evite.com'
smartinez@actoronto.org,h2000**,'Evite.com'
whusbands@actoronto.org,sheba**,'Evite.com'
pjohnston@actoronto.org,872jq*,'AdultFriendFinder'
jmaxwell@actoronto.org,None,'Zynga.com'
eventsassistant@actoronto.org,None,'Canva.com'
mcastillo@actoronto.org,None,'Canva.com'
walkteam@actoronto.org,None,'Canva.com'
