Email,Password,Sources
cfaulkner@actratoronto.com,dgray*****,'MySpace.com'
cfaulkner@actratoronto.com,justi****,'Evite.com'
rtodd@actratoronto.com,rhobo****,'Unknown'
tip@actratoronto.com,dinne**,'Unknown'
jleung@actratoronto.com,ci,'Unknown'
fmerritt@actratoronto.com,Chebb***,'Unknown'
jbernardo@actratoronto.com,Jacks***,'123facts.com'
kritson@actratoronto.com,Olive******,'Unknown'
ksamnang@actratoronto.com,wwiza****,'Unknown'
landrews@actratoronto.com,Cathy****,'LinkedIn.com'
lfranklin@actratoronto.com,Eliza*****,'Unknown'
nmurphy@actratoronto.com,ACTRA********,'LinkedIn.com'
nvalentin@actratoronto.com,marsh*******,'Unknown'
pbaker@actratoronto.com,badac*****,'Unknown'
sairth@actratoronto.com,sword*****,'Neopets.com'
smilling@actratoronto.com,Sturg****,'LinkedIn.com'
jbernardo@actratoronto.com,majer***,'Hautelook.com'
kritson@actratoronto.com,xytii******,'visionsource-drgall.com'
srodriguez@actratoronto.com,ojrei******,'visionsource-drgall.com'
tblack@actratoronto.com,2121j**********,'CashCrate.com'
kritson@actratoronto.com,Olive*****,'Unknown'
jbernardo@actratoronto.com,Antho***,'MyHeritage.com'
jleung@actratoronto.com,ci,'Unknown'
lblanchette@actratoronto.com,15404******,'Chegg.com'
dmccaffrey@actratoronto.com,myhum***,'Evite.com'
lclarke@actratoronto.com,lauri**,'Evite.com'
hgray@actratoronto.com,None,'Canva.com'
industryrelations@actratoronto.com,None,'Canva.com'
mnagel@actratoronto.com,None,'Canva.com'
