Email,Password,Sources
mary@actua.ca,blue6***,'Unknown'
sharina.dodsworth@actua.ca,911tu*****,'youthmovements.org'
jill.deyoung@actua.ca,educa*****,'Unknown'
admin@actua.ca,admin**,'Collection 1'
anna.oliveira@actua.ca,seraf****,'Last.fm'
jace.meyer@actua.ca,36983******************,'Unknown'
jennifer.flanagan@actua.ca,jenni******,'LinkedIn.com'
kaitlynn.carroll@actua.ca,12345**,"'Bitly.com', 'MyFitnessPal.com'"
leslie.cuthbertson@actua.ca,d0gho****,'Dropbox.com'
leslie.cuthbertson@actua.ca,dogho****,'Bitly.com'
virginia.hall@actua.ca,murph****,'Unknown'
mary@actua.ca,blue6**,'Unknown'
paul.dickson@actua.ca,pay47*****,'healthylivingcalendars.com'
lucas.kavanagh@actua.ca,Oxyge****,'youthmovements.org'
virginia.hall@actua.ca,Imagi***,'youthmovements.org'
jace.meyer@actua.ca,None,'Canva.com'
kaitlynn.carroll@actua.ca,None,'Canva.com'
lucas.kavanagh@actua.ca,None,'Canva.com'
emmanuelle.provost@actua.ca,None,'Canva.com'
outreach@actua.ca,None,"'Canva.com', 'Twitter.com (scraping data)'"
kristina.martin@actua.ca,None,'Canva.com'
