Email,Password,Sources
amanda.agostini@acuityads.com,adnam***,'Unknown'
jack@acuityads.com,jack5********,'LinkedIn.com'
laurie@acuityads.com,laure****,'LinkedIn.com'
marco@acuityads.com,040M7**,'Unknown'
marco@acuityads.com,75Min****,'Unknown'
marco@acuityads.com,75Min*****,'Bitly.com'
marco@acuityads.com,acuit*********,'Unknown'
nathan@acuityads.com,nmlin******,'Unknown'
rachel.kapcan@acuityads.com,Video**,'Animoto.com'
meaghan.shea@acuityads.com,23288**,'Canva.com'
ilyse.koletsky@acuityads.com,passw****,'Drizly.com'
rohan.odonnell@acuityads.com,None,'Canva.com'
erika.deluna@acuityads.com,None,"'Canva.com', 'Minted.com'"
meaghan.shea@acuityads.com,None,'Canva.com'
bijen.ceresna@acuityads.com,None,'Canva.com'
stephanie.amaya@acuityads.com,None,'Canva.com'
deanna.lansdowne@acuityads.com,None,'Wattpad.com'
joe@acuityads.com,None,'Twitter.com (scraping data)'
laurie@acuityads.com,None,'Twitter.com (scraping data)'
