Email,Password,Sources
chrism@acumeninsurance.com,gameo******,'LinkedIn.com'
janp@acumeninsurance.com,jasie**,'LinkedIn.com'
jocines@acumeninsurance.com,kelse**,'LinkedIn.com'
acacioa@acumeninsurance.com,viann***,'Unknown'
stephaniea@acumeninsurance.com,forev****,'LinkedIn.com'
davidp@acumeninsurance.com,Athen**,'LinkedIn.com'
salb@acumeninsurance.com,vasil***,'Unknown'
domenica@acumeninsurance.com,alvit****,'MyFitnessPal.com'
janp@acumeninsurance.com,d2se2*,'AdultFriendFinder'
domenica@acumeninsurance.com,None,'Twitter.com (scraping data)'
