Email,Password,Sources
csegreto@acuraofbarrie.com,yamah**,'Unknown'
kcampbell@acuraofbarrie.com,acura*****,'monsterauto.ca'
jlistro@acuraofbarrie.com,labes****,'Mate1.com'
managermsafko@acuraofbarrie.com,q5sq7*****,'Unknown'
gcamillo@acuraofbarrie.com,45192****,'Collection 1'
info@acuraofbarrie.com,barri**,'Collection 1'
jstewart@acuraofbarrie.com,stewa***,'Collection 1'
pmartiniello@acuraofbarrie.com,acura*****,'Unknown'
sclark@acuraofbarrie.com,soton****,'LinkedIn.com'
sricci@acuraofbarrie.com,passw*****,'MySpace.com'
ccurrie@acuraofbarrie.com,theki****,'Evite.com'
dpuskas@acuraofbarrie.com,devan****,'Evite.com'
marks@acuraofbarrie.com,golf1**,'Evite.com'
maskin@acuraofbarrie.com,nazar****,'Zacks.com'
