Email,Password,Sources
akhan@acurasherway.com,acura*****,'Unknown'
akhan@acurasherway.com,ameer*,'Collection 1'
bgomes@acurasherway.com,Belga***,'Unknown'
bgomes@acurasherway.com,acura*****,'LinkedIn.com'
bgomes@acurasherway.com,p90aY**,'Unknown'
dlove@acurasherway.com,samde**,'LinkedIn.com'
sreid@acurasherway.com,honda**,'Collection 1'
sreid@acurasherway.com,honda****,'LinkedIn.com'
tprimerano@acurasherway.com,02096**,'Unknown'
info@acurasherway.com,ameer*,'Unknown'
d.dosanjh@acurasherway.com,deeps**,'Unknown'
ccabral@acurasherway.com,larba***,'MyFitnessPal.com'
sficko@acurasherway.com,19674***,'MyFitnessPal.com'
sales@acurasherway.com,steve***,'monsterauto.ca'
akhan@acurasherway.com,jorda**,'Mathway.com'
akhan@acurasherway.com,Acura*****,"'Animoto.com', 'Promo.com'"
bgomes@acurasherway.com,l93rc*,'AdultFriendFinder'
info@acurasherway.com,acura*****,'Animoto.com'
akhan@acurasherway.com,None,'Twitter.com (scraping data)'
sficko@acurasherway.com,None,'Twitter.com (scraping data)'
