Email,Password,Sources
donal@adamsonsystems.com,Elect********,'Unknown'
donal@adamsonsystems.com,wwugi****,'Unknown'
randy.fa@adamsonsystems.com,dogdu***,'LinkedIn.com'
brock@adamsonsystems.com,Jailb****,'LinkedIn.com'
ewan@adamsonsystems.com,25274***********,'LinkedIn.com'
ilona@adamsonsystems.com,45455***********,'LinkedIn.com'
ilona@adamsonsystems.com,8f655******,'Unknown'
ilona@adamsonsystems.com,Abc12*****,'Dropbox.com'
ilona@adamsonsystems.com,spark****,'MySpace.com'
scott@adamsonsystems.com,Bill,'Unknown'
steve.allen@adamsonsystems.com,ivide******,'Unknown'
info@adamsonsystems.com,Surre*********,'Unknown'
david@adamsonsystems.com,chiak****,'iseurope.org'
jochen@adamsonsystems.com,a6aaa****,'iseurope.org'
leah@adamsonsystems.com,buyer*****,'long-mcquade.com'
