Email,Password,Sources
cschmidt@adamson-associates.com,punch*****,'Unknown'
csmith@adamson-associates.com,chanc****,'Unknown'
csula@adamson-associates.com,imagi***,"'Houzz.com', 'MyFitnessPal.com'"
sgilbert@adamson-associates.com,1500,'Unknown'
kwood@adamson-associates.com,123qw**,'Unknown'
tferrante@adamson-associates.com,sebas*****,'LinkedIn.com'
rberaldo@adamson-associates.com,1demi****,'Unknown'
rcalvelo@adamson-associates.com,ada00**,'Unknown'
redwards@adamson-associates.com,kiddi***,'Unknown'
aamador@adamson-associates.com,marto***,'Unknown'
patkinson@adamson-associates.com,mx043****,'Unknown'
rgrossmann@adamson-associates.com,19372****,'LinkedIn.com'
ldelfin@adamson-associates.com,lokru**,'LinkedIn.com'
jhamaway@adamson-associates.com,adams******,'Unknown'
DRodriguez@adamson-associates.com,venis****,'Unknown'
GGomez@adamson-associates.com,greci**,'Unknown'
GKromhout@adamson-associates.com,gklin****,'Unknown'
JMcNulty@adamson-associates.com,slim1*****,'Unknown'
LSmith@adamson-associates.com,chest***,'LinkedIn.com'
MBelcastro@adamson-associates.com,optic***,'Unknown'
MWalker@adamson-associates.com,drizz**,'Unknown'
TBarrett@adamson-associates.com,remem****,'Unknown'
arichter@adamson-associates.com,carpd****,'Dropbox.com'
asiddeley@adamson-associates.com,12357**,'Unknown'
bballantyne@adamson-associates.com,maggi***,'LinkedIn.com'
bhudson@adamson-associates.com,a121r**,'Unknown'
cbutterfield@adamson-associates.com,XXX14******,'Unknown'
ccomartin@adamson-associates.com,donna*,'Unknown'
ccomartin@adamson-associates.com,donna**,'LinkedIn.com'
ckeim@adamson-associates.com,aai80***,'Unknown'
cmatthews@adamson-associates.com,Chris**,'Unknown'
cmatthews@adamson-associates.com,Chris*****,'LinkedIn.com'
cmatthews@adamson-associates.com,chris****,'Unknown'
dkeith@adamson-associates.com,wiser****,'LinkedIn.com'
edelangel@adamson-associates.com,might*******,'Kickstarter.com'
fbyfield@adamson-associates.com,yolan***,'Collection 1'
ggoetz@adamson-associates.com,charl*****,'Unknown'
gmetzger@adamson-associates.com,1234v***,'Unknown'
gmetzger@adamson-associates.com,AAI00***,'Unknown'
gmetzger@adamson-associates.com,ga1tc*****,'Drizly.com'
gmetzger@adamson-associates.com,tc192**,'LinkedIn.com'
gwood@adamson-associates.com,alpin*****,'Unknown'
ifarb@adamson-associates.com,vlads**********,'Unknown'
info@adamson-associates.com,Adams***,'Unknown'
jogrady@adamson-associates.com,adams*******,'Unknown'
jrussell@adamson-associates.com,m0nke**,'Unknown'
jsharpe@adamson-associates.com,4400Z******,'Unknown'
lhope@adamson-associates.com,wishe**,'Unknown'
megan.royston@adamson-associates.com,Passw****,'Unknown'
megan.royston@adamson-associates.com,XXX13******,'Unknown'
mjasso@adamson-associates.com,ironm*****,"'Creocommunity.com', 'ConnectPress.com', 'catiacommunity.com', 'jobs.connectpress.com'"
msohst@adamson-associates.com,veloc******,'Unknown'
mwalker@adamson-associates.com,newsl******,'Unknown'
nzigomanis@adamson-associates.com,127fv******,'Unknown'
pchi@adamson-associates.com,totol**,'Unknown'
scressman@adamson-associates.com,hanna**,'Unknown'
stsou@adamson-associates.com,meiwe****,'Collection 1'
ychon@adamson-associates.com,einst****,"'Creocommunity.com', 'ConnectPress.com', 'catiacommunity.com'"
zjurkiewicz@adamson-associates.com,kalis**,'LinkedIn.com'
ddron@adamson-associates.com,gjcnu******,'visionsource-drgall.com'
redwards@adamson-associates.com,780f,'healthylivingcalendars.com'
earbito@adamson-associates.com,madis****,'Unknown'
arichter@adamson-associates.com,haruk******,'8Tracks.com'
tberezny@adamson-associates.com,MUDDY*,'MyHeritage.com'
ggomez@adamson-associates.com,peral******,'MyHeritage.com'
gmetzger@adamson-associates.com,nAkXi************,'Coachella.com'
arichter@adamson-associates.com,milou*,"'StockX.com', '8Tracks.com'"
akostritzky@adamson-associates.com,adams*****,'Houzz.com'
mmarbach@adamson-associates.com,monam*******,'Houzz.com'
RMartin@adamson-associates.com,march*****,'LinkedIn.com'
jfarias@adamson-associates.com,andre**,'Evite.com'
scampbell@adamson-associates.com,choco******,'Evite.com'
spopescu@adamson-associates.com,miran***,'Evite.com'
jfonte@adamson-associates.com,zs3x5*,'AdultFriendFinder'
lglazatcheff@adamson-associates.com,facti****,'Zacks.com'
strivedi@adamson-associates.com,dynaq*******,'Zacks.com'
patkinson@adamson-associates.com,None,'Disqus.com'
bhudson@adamson-associates.com,None,'Zynga.com'
spopescu@adamson-associates.com,None,'Zynga.com'
