Email,Password,Sources
farhat@adamas-intl.com,1234,'Unknown'
farhat@adamas-intl.com,63062**,'Fling.com'
nicholas@adamas-intl.com,benq1****,'Unknown'
errol@adamas-intl.com,eLcb1****,"'Collection 1', 'MySpace.com'"
errol@adamas-intl.com,errol****,'advertigo.net'
errol@adamas-intl.com,errol*****,"'SiliconIndia.com', 'Fling.com', 'ellisfinejewelers.com', 'trueromancebridal.com', 'sachsjewelers.com', 'ackermanjewelers.com', 'shopregencyjewelers.com', 'warejewelers.com'"
info@adamas-intl.com,1234,'Unknown'
info@adamas-intl.com,trade******,'Unknown'
joseph@adamas-intl.com,1234,'Unknown'
errol@adamas-intl.com,None,'Twitter.com (scraping data)'
info@adamas-intl.com,None,'Twitter.com (scraping data)'
