Email,Password,Sources
solution@adamsmiles.com,Sword******,'Unknown'
bspinney@adamsmiles.com,najdo***,'Unknown'
rdelivera@adamsmiles.com,deliv****,'Unknown'
reception@adamsmiles.com,Adams*********,'Unknown'
dfitzgibbon@adamsmiles.com,Olive*,'Unknown'
dfitzgibbon@adamsmiles.com,Olive**,'Houzz.com'
dmcwhirter@adamsmiles.com,david***,'LinkedIn.com'
gfitzgibbon@adamsmiles.com,02105**,'Unknown'
gfitzgibbon@adamsmiles.com,QK792****,'Unknown'
gmacmillan@adamsmiles.com,logg1***,'LinkedIn.com'
jbondar@adamsmiles.com,Sword******,'Unknown'
kandrews@adamsmiles.com,27Dia**********,'LinkedIn.com'
rwoelfle@adamsmiles.com,40236***********,'LinkedIn.com'
jbondar@adamsmiles.com,dynab*****,'Zacks.com'
dditzgibbon@adamsmiles.com,None,'Zynga.com'
