Email,Password,Sources
jamie@adaptmedia.com,dasha******,'Unknown'
jamie@adaptmedia.com,hanso***,'Mate1.com'
jamie@adaptmedia.com,hanso*****,'Zoosk.com'
jamie@adaptmedia.com,jetts***,'Unknown'
Laura.qusen@adaptmedia.com,avery****,'Unknown'
ap@adaptmedia.com,ad@pt******,'Unknown'
frank@adaptmedia.com,hamil****,'Unknown'
michael@adaptmedia.com,pereg*****,'Unknown'
shannon.brass@adaptmedia.com,adapt*,'Unknown'
frank@adaptmedia.com,evite*****,'Evite.com'
jamie@adaptmedia.com,adapt******,'Evite.com'
silvia@adaptmedia.com,adapt******,'Evite.com'
jamie@adaptmedia.com,w3x8x*,'AdultFriendFinder'
jamie.thompson@adaptmedia.com,None,'Zynga.com'
