Email,Password,Sources
martin.kalina@adastracorp.com,lopat****,'Unknown'
martin.strbavy@adastracorp.com,",ns2b***",'Unknown'
martina.dvorakova@adastracorp.com,Marti***,'Unknown'
martina.kohoutova@adastracorp.com,fabi5****,'Unknown'
jan.cervinka@adastracorp.com,pogue**,'Unknown'
jan.kohoutek@adastracorp.com,rebec****,"'Rollerderbyaustralia.org', 'Jproperty.com.au', 'rollerderbyaustralia.org.au'"
jan.magnusek@adastracorp.com,",mora******",'LinkedIn.com'
jan.medek@adastracorp.com,3JgRX*****,'Unknown'
jan.medek@adastracorp.com,3JgRX********,'Unknown'
jan.mrazek@adastracorp.com,praha***,'Unknown'
svatava.majerova@adastracorp.com,Svata***,'Unknown'
chantelle.bani@adastracorp.com,015c0**,'Unknown'
chantelle.bani@adastracorp.com,marke*****,"'LinkedIn.com', 'Evite.com'"
jaroslav.vlcek@adastracorp.com,knozt****,'LinkedIn.com'
rastislav.matis@adastracorp.com,rasti**,'LinkedIn.com'
shameer.kanji@adastracorp.com,bclar*****,'Unknown'
anne.bollig@adastracorp.com,b5bb0**,'Unknown'
daniel.gerek@adastracorp.com,L1nk3*******,'Unknown'
toma.buchinsky@adastracorp.com,buchi*****,'Unknown'
jobs@adastracorp.com,adast******,'Unknown'
zuzana.faltusova@adastracorp.com,Lucie***,"'Badoo.com', 'Collection 1'"
richard.duck@adastracorp.com,1rich****,'Unknown'
jiri.vacha@adastracorp.com,JIrka*****,'Unknown'
jitka.pribylova@adastracorp.com,30jit*****,'Unknown'
Daniela.Beranova@AdastraCorp.com,danu3***,'Unknown'
Dasa.Medovicova@AdastraCorp.com,Daska********,'LinkedIn.com'
Ferenc.Lengyel@AdastraCorp.com,malac***,'Unknown'
Forest.Hong@adastracorp.com,fores******,'LinkedIn.com'
Jaromir.Mataj@adastracorp.com,alenk****,'Unknown'
Larry.Peng@adastracorp.com,takin***,'LinkedIn.com'
Lubomir.Hanusek@AdastraCorp.com,gersh****,'Unknown'
Simon.Li@adastracorp.com,12345**,'LinkedIn.com'
Tomas.Belik@AdastraCorp.com,jmrmb**,'Unknown'
alan.gasior@adastracorp.com,AlanG*,'Unknown'
anna.boshoer@adastracorp.com,adast***********,'Unknown'
anna.boshoer@adastracorp.com,prive**,'Unknown'
anna.kralova@adastracorp.com,afrik***,'Unknown'
aqil.khan@adastracorp.com,GwsZY******,'Unknown'
aqil.khan@adastracorp.com,GwsZY********,'Unknown'
barnaby.clunie@adastracorp.com,adast********,'Unknown'
dana.kohoutova@adastracorp.com,Dada1***,'LinkedIn.com'
danakohoutova@adastracorp.com,Dada1***,'Unknown'
darren.edery@adastracorp.com,DkJy9****,'Unknown'
darren.edery@adastracorp.com,fooba**,'LinkedIn.com'
dasamedovicova@adastracorp.com,Daska*******,'Unknown'
david.brodnicek@adastracorp.com,Spitf****,'Unknown'
david.holes@adastracorp.com,cufka***,'LinkedIn.com'
elkin.arboleda@adastracorp.com,link1****,'Unknown'
eva.wong@adastracorp.com,b0cc5**,'Unknown'
frantisek.budias@adastracorp.com,LGYH4****,'Unknown'
greg.sherry@adastracorp.com,98765**,'Unknown'
john.beveridge@adastracorp.com,mary2****,'Unknown'
josef.davidek@adastracorp.com,magdi****,'LinkedIn.com'
kajetan.mellerowicz@adastracorp.com,qazws**,"'Collection 1', 'LinkedIn.com'"
kamila.kadlikova@adastracorp.com,Meggy**,'Unknown'
kamila.kadlikova@adastracorp.com,civyw****,'Badoo.com'
karel.jasek@adastracorp.com,Karel**,'LinkedIn.com'
leon.ho@adastracorp.com,linke****,'LinkedIn.com'
marek.kurka@adastracorp.com,k0689**,'Unknown'
marek.mikita@adastracorp.com,milai*****,'Unknown'
marek.plach@adastracorp.com,Lucin***,'Unknown'
marian.jamriska@adastracorp.com,bobis***,'Unknown'
michal.klaus@adastracorp.com,24217****,'Unknown'
mikhail.nikitin@adastracorp.com,vsena********,'Unknown'
miloslav.subrt@adastracorp.com,64462****,'LinkedIn.com'
mirela.secosan@adastracorp.com,mirel****,'LinkedIn.com'
nadja.stoilova@adastracorp.com,nadia***,'Unknown'
nelio.lucas@adastracorp.com,Stimp***,'Last.fm'
ondrej.maler@adastracorp.com,teled***,"'Badoo.com', 'alura.net'"
otmar.vobejda@adastracorp.com,kuwon****,"'Badoo.com', 'Zoosk.com'"
otmar.vobejda@adastracorp.com,xo_se*************,'Unknown'
pavel.hanys@adastracorp.com,pemap****,'Badoo.com'
pavel.rydlo@adastracorp.com,oskog**,'LinkedIn.com'
pavel.urbancik@adastracorp.com,hedvi***,'Unknown'
peter.kristof@adastracorp.com,pepek****,'Unknown'
petr.hons@adastracorp.com,nvssb****,'Unknown'
petr.zdenek@adastracorp.com,but1c****,'Unknown'
petra.jetlebova@adastracorp.com,adast***,'Collection 1'
plamen.chernev@adastracorp.com,plame**,'Unknown'
radan.navrat@adastracorp.com,radan****,'Unknown'
roman.hlousek@adastracorp.com,spart***,'Unknown'
sarka.klofacova@adastracorp.com,Heslo*********,'LinkedIn.com'
sarka.klofacova@adastracorp.com,S2Wz,'Unknown'
sarka.klofacova@adastracorp.com,S2Wz#********,'Unknown'
veronika.sykorova@adastracorp.com,tempp*,'Unknown'
vilem.strakos@adastracorp.com,laxop****,'Badoo.com'
zdenek.milka@adastracorp.com,passw****,'Unknown'
cynthia.wong@adastracorp.com,bea0,'healthylivingcalendars.com'
Ondrej.Frydrych@AdastraCorp.com,ondre**,'LinkedIn.com'
Radek.Marusan@AdastraCorp.com,frant*****,'LinkedIn.com'
jozef.kovac@adastracorp.com,64c2c**,'MyHeritage.com'
jiri.havranek@adastracorp.com,jhaW4**,'Innogames.com'
