Email,Password,Sources
gabriela.peroutkova@adastragrp.com,depyn****,'Badoo.com'
jan.cervinka@adastragrp.com,pogue**,'LinkedIn.com'
jan.stovicek@adastragrp.com,stov1*****,'Unknown'
jana.kolarova@adastragrp.com,jana_**,'Unknown'
tereza.dvorakova@adastragrp.com,Matej********,'Unknown'
jaroslav.chalupa@adastragrp.com,janin***,'Unknown'
jaroslav.vlcek@adastragrp.com,knozt****,'Unknown'
rastislav.matis@adastragrp.com,matis******,'Unknown'
rauni.tillisoo@adastragrp.com,Ji9SB****,'Unknown'
lucia.pakosova@adastragrp.com,15320******,'Unknown'
lucie.mervartova@adastragrp.com,mibog****,'Badoo.com'
eric.duffy@adastragrp.com,GF119****,'blsindia-canada.com'
eric.duffy@adastragrp.com,ezone****,'Unknown'
daniela.beranova@adastragrp.com,mexik****,'LinkedIn.com'
tomas.belik@adastragrp.com,39579*****,'Unknown'
tomas.belik@adastragrp.com,jmrmb**,'LinkedIn.com'
tomas.belik@adastragrp.com,tary6*,'Collection 1'
tomas.belik@adastragrp.com,tomas******,'Unknown'
zuzana.faltusova@adastragrp.com,Lucie***,'Unknown'
zuzana.faltusova@adastragrp.com,boqov****,'Badoo.com'
Irina.Pavlova@adastragrp.com,qwerd****,'Unknown'
Ivan.Kamenov@adastragrp.com,Sando****,'LinkedIn.com'
Kamila.Rychtarikova@adastragrp.com,sezna****,'Unknown'
Monika.Gregorova@adastragrp.com,gosun**,'Unknown'
Yvetta.Belenski@adastragrp.com,1947t*******,'Unknown'
ales.dvorak@adastragrp.com,romeb****,'Badoo.com'
aneta.gregova@adastragrp.com,neref****,'Badoo.com'
anna.chor@adastragrp.com,4me2k****,'Unknown'
aqil.khan@adastragrp.com,Pakis****,'Unknown'
communications@adastragrp.com,adast********,'Unknown'
eva.wong@adastragrp.com,Adast******,'Unknown'
harris.beacock@adastragrp.com,Calle**,'Unknown'
infocz@adastragrp.com,7ab19****,'Unknown'
john.watt@adastragrp.com,4peng*****,'Unknown'
karel.jasek@adastragrp.com,karel*******,'Unknown'
karel.jasek@adastragrp.com,karel**,'LinkedIn.com'
karel.jasek@adastragrp.com,karel******,'Collection 1'
lewis.kwan@adastragrp.com,20021****,'Unknown'
marcin.gruszecki@adastragrp.com,xyzab****,'LinkedIn.com'
marian.jamriska@adastragrp.com,xyxok****,'Badoo.com'
matej.zmajkovic@adastragrp.com,karic***,'Collection 1'
michal.stun@adastragrp.com,ehgda**,'Unknown'
miglena.panova@adastragrp.com,xyhiv****,'Badoo.com'
miroslav.fris@adastragrp.com,Roxyt****,"'Badoo.com', 'Zoosk.com'"
miroslav.fris@adastragrp.com,babyl***,'Unknown'
miroslav.fris@adastragrp.com,matha******,'Unknown'
oliver.fuchs@adastragrp.com,chero****,'Unknown'
pavel.klicka@adastragrp.com,Klipa****,'Unknown'
pavel.klicka@adastragrp.com,Klipa*****,'Unknown'
pavel.kras@adastragrp.com,marvi*********,'Unknown'
pavel.kras@adastragrp.com,woduk****,"'Badoo.com', 'Zoosk.com'"
pavel.kysela@adastragrp.com,desig****,'LinkedIn.com'
peter.dovicovic@adastragrp.com,PEpo0****,'Unknown'
radek.marusan@adastragrp.com,hepab****,'Badoo.com'
radek.marusan@adastragrp.com,zytev****,'Badoo.com'
rahim.lavji@adastragrp.com,rah30****,'LinkedIn.com'
tomislava.dobreva@adastragrp.com,portr******,'Unknown'
vazken.boyrazian@adastragrp.com,20706***********,'LinkedIn.com'
vilem.strakos@adastragrp.com,asdfg****,"'Badoo.com', 'Zoosk.com'"
vilem.strakos@adastragrp.com,yayal*******,'Unknown'
vlasta.pacakova@adastragrp.com,Lasko****,'Unknown'
vlastimil.bazant@adastragrp.com,74951**************************,"'irbsandc.com', 'playerwelfare.worldrugby.org'"
vojtech.spacek@adastragrp.com,ADtes***,'LinkedIn.com'
wayne.minett@adastragrp.com,kawn0**,'Unknown'
info@adastragrp.com,39579*****,'Unknown'
petr.jech@adastragrp.com,Burto**,'weinshop24.at'
israa.ali@adastragrp.com,perci*****,'Cafepress.com'
barnaby.clunie@adastragrp.com,timew*******,'Zynga.com'
Nasar.Osmani@adastragrp.com,Nasar****,'LinkedIn.com'
isabel.zadra@adastragrp.com,adast****,'ShareThis.com'
david.frickel@adastragrp.com,speed***,'123RF.com'
jessica.herrmann@adastragrp.com,adast******,'123RF.com'
andrea.svachova@adastragrp.com,andre***********,'123RF.com'
zdenka.zlesakova@adastragrp.com,hd6a3**,'MyHeritage.com'
martin.fiala@adastragrp.com,QweAs**********,'Stealer Logs'
jan.mrazek@adastragrp.com,arkan****,'Zacks.com'
barnaby.clunie@adastragrp.com,None,'Canva.com'
mallory.tretter@adastragrp.com,None,'Canva.com'
marta.maresova@adastragrp.com,None,'Canva.com'
Katerina.Dvorakova@adastragrp.com,None,'Canva.com'
sarka.blahovcova@adastragrp.com,None,'Canva.com'
jana.kukuliasova@adastragrp.com,None,'Canva.com'
melissa.chen@adastragrp.com,None,'Canva.com'
dagmar.binova@adastragrp.com,None,'Canva.com'
vladimir.sedivy@adastragrp.com,None,'Canva.com'
predrag.kulic@adastragrp.com,None,'Canva.com'
jobsbg@adastragrp.com,None,'Canva.com'
maksim.kovalev@adastragrp.com,None,'dns-shop.ru'
Nasar.Osmani@adastragrp.com,None,'Twitter.com (scraping data)'
natascha.beyer@adastragrp.com,None,'Twitter.com (scraping data)'
