Email,Password,Sources
agencycreative@adbase.com,adbas*****,'Unknown'
agencycreative@adbase.com,brand**,'Unknown'
agenycreative@adbase.com,jason**,'Unknown'
jason@adbase.com,super*******,'Unknown'
ekugel@adbase.com,adbas**,'Collection 1'
jmillar@adbase.com,adbas*****,'Unknown'
cmcintyre@adbase.com,how2u****,'MyHeritage.com'
dwatson@adbase.com,apple*****,'Bitly.com'
hdo@adbase.com,jung0****,'Unknown'
isaac@adbase.com,apple*****,'Collection 1'
isaac@adbase.com,apple*****************,'Collection 1'
isaac@adbase.com,apple***************************,'Collection 1'
iwilson@adbase.com,wofwo****,'LinkedIn.com'
nelson@adbase.com,dearb*******,'Unknown'
nelson@adbase.com,phys4****,'Unknown'
sjezek@adbase.com,jezze****,'ShareThis.com'
tpalmer@adbase.com,matt1****,'Evite.com'
shabib@adbase.com,sunsh****,'Unknown'
shabib@adbase.com,adbas*****,'MyHeritage.com'
slee@adbase.com,adbas****,'ShareThis.com'
ekugel@adbase.com,lets1****,'Evite.com'
isaac@adbase.com,scrap****,'Evite.com'
jvanderkleyn@adbase.com,shaeq**,'Evite.com'
tveith@adbase.com,samso**,'Evite.com'
