Email,Password,Sources
specials@add-impact.com,04183**,'Unknown'
specials@add-impact.com,ura6y****,'Unknown'
creativecommunity@add-impact.com,CANCE**,'Unknown'
maryann@add-impact.com,1517c****,'Unknown'
maryjane@add-impact.com,maryj****,'Unknown'
janice.hill@add-impact.com,CANCE**,'Unknown'
shannon.mills@add-impact.com,CANCE**,'Unknown'
production@add-impact.com,test,'Collection 1'
daniela.alicandro@add-impact.com,CANCE**,'Unknown'
daniela_alicandro@add-impact.com,CANCE**,'Unknown'
tania.berardi@add-impact.com,tanbe****,'LinkedIn.com'
tania.berardi@add-impact.com,test,'Collection 1'
tanya@add-impact.com,CANCE**,'Unknown'
mallory.harris@add-impact.com,CANCE**,'Unknown'
pasqual@add-impact.com,aless****,'LinkedIn.com'
cheryl.simmons@add-impact.com,CANCE**,'Unknown'
debby@add-impact.com,addim*****,'Unknown'
franca@add-impact.com,CANCE**,'Unknown'
frances@add-impact.com,auodi**,'Unknown'
frances@add-impact.com,filip***,'LinkedIn.com'
frank@add-impact.com,katie*****,'LinkedIn.com'
gina@add-impact.com,16712**,'Unknown'
gina@add-impact.com,16712****,'Unknown'
gina@add-impact.com,ginaa*,'Unknown'
gina@add-impact.com,ginaq**,'Unknown'
gina@add-impact.com,ginaw*,'Unknown'
gina@add-impact.com,ivyra****,'Unknown'
gina@add-impact.com,ivyra*****,'Unknown'
gina@add-impact.com,ivyra*******,'Collection 1'
gina@add-impact.com,ivyra**********,'Unknown'
gina@add-impact.com,ivyra********,'Unknown'
gina@add-impact.com,ivyra********,'Unknown'
gina@add-impact.com,ivyra***********,'Unknown'
gina@add-impact.com,ivyra*********,'Unknown'
gina@add-impact.com,ivyra********,'Unknown'
gina@add-impact.com,ivyra*******,'Unknown'
gina@add-impact.com,qivyr********,'Unknown'
mirella@add-impact.com,addim*****,'kmstudio.ca'
mirella@add-impact.com,duke1****,'Unknown'
remo@add-impact.com,12345*,'Unknown'
remo@add-impact.com,addim***,'Unknown'
remo@add-impact.com,addim*****,'Collection 1'
remo@add-impact.com,addim********,'Unknown'
remo@add-impact.com,addim******,'Unknown'
remo@add-impact.com,addim********,'Unknown'
remo@add-impact.com,addim******,'Unknown'
remo@add-impact.com,addim*********,'Unknown'
remo@add-impact.com,addim*******,'Unknown'
remo@add-impact.com,addim******,'Unknown'
remo@add-impact.com,qaddi******,'Unknown'
remo@add-impact.com,remoa*,'Unknown'
remo@add-impact.com,remoq**,'Unknown'
remo@add-impact.com,remow*,'Unknown'
remo@add-impact.com,thebe****,'LinkedIn.com'
scott@add-impact.com,hhv.a****,'Collection 1'
tina@add-impact.com,67653****,'Unknown'
tina@add-impact.com,67653*******,'Unknown'
tina@add-impact.com,67653*********,'Unknown'
tina@add-impact.com,67653******,'Collection 1'
tina@add-impact.com,67653*********,'Unknown'
tina@add-impact.com,67653*******,'Unknown'
tina@add-impact.com,67653*******,'Unknown'
tina@add-impact.com,67653**********,'Unknown'
tina@add-impact.com,67653********,'Unknown'
tina@add-impact.com,67653*******,'Unknown'
tina@add-impact.com,MDasd*,'Unknown'
tina@add-impact.com,q6765*******,'Unknown'
tina@add-impact.com,tinaa*,'Unknown'
tina@add-impact.com,tinaq**,'Unknown'
tina@add-impact.com,tinaw*,'Unknown'
vicki@add-impact.com,12345*,'Unknown'
vicki@add-impact.com,austr***,'Unknown'
vicki@add-impact.com,austr*****,'Collection 1'
vicki@add-impact.com,austr********,'Unknown'
vicki@add-impact.com,austr******,'Unknown'
vicki@add-impact.com,austr********,'Unknown'
vicki@add-impact.com,austr******,'Unknown'
vicki@add-impact.com,austr*********,'Unknown'
vicki@add-impact.com,austr*******,'Unknown'
vicki@add-impact.com,austr******,'Unknown'
vicki@add-impact.com,qaust******,'Unknown'
vicki@add-impact.com,vicki*,'Unknown'
vicki@add-impact.com,vicki**,'Unknown'
vicki@add-impact.com,vicki***,'Unknown'
vicki@add-impact.com,vicki**,'Unknown'
artwork@add-impact.com,fb244****,'Unknown'
debby@add-impact.com,colto********,"'MyFitnessPal.com', 'kmstudio.ca'"
kara.knox@add-impact.com,joykn***,'kmstudio.ca'
maryjane@add-impact.com,ec655****,'Unknown'
michelle@add-impact.com,matt1****,'kmstudio.ca'
nadia@add-impact.com,passw****,'kmstudio.ca'
remo@add-impact.com,nicef*****,'MyFitnessPal.com'
lesley.munslow@add-impact.com,Shado******,'123RF.com'
