Email,Password,Sources
dilshan@addictivemobility.com,rootc**,'Last.fm'
dilshan@addictivemobility.com,rootc******,'MySpace.com'
jason@addictivemobility.com,drumz*****,'LinkedIn.com'
stephanie@addictivemobility.com,bread********,'Bitly.com'
stephanie@addictivemobility.com,rootc**,'Collection 1'
andrew@addictivemobility.com,dae09**,'Unknown'
atc.corporate@addictivemobility.com,rootc******,'Bitly.com'
audrey@addictivemobility.com,priva***,'Unknown'
audrey@addictivemobility.com,priva******,'MySpace.com'
carlos@addictivemobility.com,Cliff********,'Unknown'
fran@addictivemobility.com,atc20***,'Unknown'
haris@addictivemobility.com,ranah*****,'Unknown'
hr@addictivemobility.com,ncmkp**,'Collection 1'
nafisa@addictivemobility.com,wimpi***,'MySpace.com'
peter@addictivemobility.com,skyla**,"'Zynga.com', 'Last.fm'"
rachelle@addictivemobility.com,addic***************,'Unknown'
wasim@addictivemobility.com,sibbi**,'Badoo.com'
bilal@addictivemobility.com,admbl****,'CashCrate.com'
device@addictivemobility.com,devic*****,'Zynga.com'
kaleigh@addictivemobility.com,abc12**,'Zynga.com'
waheeda@addictivemobility.com,wahee***,'Toondoo.com'
maheen@addictivemobility.com,saad1***,'LiveJournal'
geoff@addictivemobility.com,addic*****,"'StockX.com', '8Tracks.com'"
nabeel@addictivemobility.com,nabee**,'Toondoo.com'
raza@addictivemobility.com,66488*****,'Toondoo.com'
laura@addictivemobility.com,clear*******,'Romwe.com'
device@addictivemobility.com,this1****,'Wattpad.com'
jason@addictivemobility.com,None,'Zynga.com'
device@addictivemobility.com,None,'Wattpad.com'
annisha.lashand@addictivemobility.com,None,'Canva.com'
marketing@addictivemobility.com,None,"'Canva.com', 'Wattpad.com'"
sadia@addictivemobility.com,None,'Canva.com'
mayeesha@addictivemobility.com,None,'Canva.com'
vanessa@addictivemobility.com,None,'Canva.com'
berwyn@addictivemobility.com,None,'Canva.com'
dina@addictivemobility.com,None,'Canva.com'
mustafa@addictivemobility.com,None,'Canva.com'
accounts@addictivemobility.com,None,'Zynga.com'
info@addictivemobility.com,None,'Zynga.com'
gary.wong@addictivemobility.com,None,'Wattpad.com'
johnny@addictivemobility.com,None,'Twitter.com (scraping data)'
stephanie@addictivemobility.com,None,'Twitter.com (scraping data)'
