Email,Password,Sources
blair@adelaideclub.com,graci**,'Evite.com'
blairlyon@adelaideclub.com,4e92e******,'Unknown'
samantha@adelaideclub.com,sinci****,'MySpace.com'
Adrian.Choo@adelaideclub.com,ivers****,'LinkedIn.com'
dean@adelaideclub.com,booch***,'MySpace.com'
derrick@adelaideclub.com,macar*****,'Collection 1'
derrick@adelaideclub.com,macar************,'Unknown'
frontdesk@adelaideclub.com,fitne***,'Unknown'
info@adelaideclub.com,marti************,'Unknown'
frontdesk@adelaideclub.com,21599**,'Unknown'
candice@adelaideclub.com,shagm****,'MyFitnessPal.com'
ryan@adelaideclub.com,fitne***,'MyFitnessPal.com'
samantha@adelaideclub.com,beann***,'Zynga.com'
george@adelaideclub.com,adela****,'Dropbox.com'
dean@adelaideclub.com,plzd7*,'AdultFriendFinder'
facebook@adelaideclub.com,None,'Canva.com'
praba@adelaideclub.com,None,'Canva.com'
lauren@adelaideclub.com,None,'Zynga.com'
neesha@adelaideclub.com,None,'Pixlr.com'
