Email,Password,Sources
cfacciolo@adesteglobal.com,carle**,'Unknown'
BRobinson@AdesteGlobal.com,willi***,'Unknown'
Bill.Robinson@adesteglobal.com,85311***********,'LinkedIn.com'
carley.facciolo@adesteglobal.com,cfacc*****,'Unknown'
escozzari@adesteglobal.com,84898**,'Unknown'
escozzari@adesteglobal.com,h54rs**************,"'Vivagames.com', 'Unigame.com'"
jcampitelli@adesteglobal.com,mylin******,'Unknown'
mnucci@adesteglobal.com,waxer**,'Unknown'
pjberardi@adesteglobal.com,oakri*****,'Unknown'
ttino@adesteglobal.com,succe***,'LinkedIn.com'
flaurin@adesteglobal.com,obiaz*******,'Xat.com'
