Email,Password,Sources
tahmed@adflownetworks.com,caspe**,'Unknown'
toleary@adflownetworks.com,tami0****,'Unknown'
shenry@adflownetworks.com,liber************,'Unknown'
abalogh@adflownetworks.com,aaron****,'Unknown'
stargett@adflownetworks.com,Uwdk9****,'Unknown'
cbrady@adflownetworks.com,pengu***,"'LinkedIn.com', 'Evite.com'"
dlawrence@adflownetworks.com,adflo**,'Unknown'
droscoe@adflownetworks.com,adflo******,"'MyFitnessPal.com', 'Evite.com'"
gdavies@adflownetworks.com,33f25**,'Unknown'
jvaicius@adflownetworks.com,19de4**,'Unknown'
kminaker@adflownetworks.com,fdb0d**,'Unknown'
knoonan@adflownetworks.com,kommy*****,'Unknown'
mabbott@adflownetworks.com,a3f9f**,'Unknown'
mabbott@adflownetworks.com,diane*****,'Unknown'
mabbott@adflownetworks.com,diane**,'LinkedIn.com'
mikej@adflownetworks.com,mike1**,'LinkedIn.com'
njadric@adflownetworks.com,Test1****,'Unknown'
pcostanzo@adflownetworks.com,phc27******,'Unknown'
radams@adflownetworks.com,campu*********,'LinkedIn.com'
skartonchik@adflownetworks.com,64d21******,'Unknown'
skartonchik@adflownetworks.com,sk871**,'LinkedIn.com'
skartonchik@adflownetworks.com,zeroa*****,'Unknown'
droscoe@adflownetworks.com,fewhj******,'visionsource-drgall.com'
lnienhuis@adflownetworks.com,Supp5**,'taraci.com'
radams@adflownetworks.com,coole**********,'MyFitnessPal.com'
stargett@adflownetworks.com,Uwdk9*****,'taraci.com'
pdeschamps@adflownetworks.com,letme*****,'Dropbox.com'
tahmed@adflownetworks.com,9exhh******,'Evite.com'
mquartarone@adflownetworks.com,99744**,'TrueFire.com'
content@adflownetworks.com,Adflo******,'123RF.com'
skartonchik@adflownetworks.com,antiw******,'Zacks.com'
mabbott@adflownetworks.com,None,'Disqus.com'
obecker@adflownetworks.com,None,'Canva.com'
mdonec@adflownetworks.com,None,'Canva.com'
droscoe@adflownetworks.com,None,'Twitter.com (scraping data)'
