Email,Password,Sources
swan@adga.ca,p0p3y**,'Unknown'
swan@adga.ca,shkxn**,'Collection 1'
kgranville@adga.ca,crunc***,'Unknown'
khatrimmatteuci@adga.ca,8zh1m****,'Unknown'
cfrenett@adga.ca,camry***,'Collection 1'
cgraham@adga.ca,40380******,'Collection 1'
kbowden@adga.ca,d1ved****,'LinkedIn.com'
rtse@adga.ca,r5401***,"'Collection 1', 'LinkedIn.com'"
tmoule@adga.ca,Helmu******,'Unknown'
tmoule@adga.ca,Helmu*****,'Unknown'
tmoule@adga.ca,Helmu******,'LinkedIn.com'
d.joanisse@adga.ca,jimka*****,'Unknown'
jlavallee@adga.ca,28069******,'LinkedIn.com'
342@adga.ca,12345**,'Collection 1'
a.montgiraud@adga.ca,andre*****,'Collection 1'
adga@adga.ca,-0hes*****,'Unknown'
asincennes@adga.ca,aaaaa*,'Unknown'
asincennes@adga.ca,zerma****,'LinkedIn.com'
bbinette@adga.ca,evi11***,'LinkedIn.com'
bcooper@adga.ca,edwig**,'Unknown'
bdeeks@adga.ca,denis***,'Unknown'
bproulx@adga.ca,jay1b****,'LinkedIn.com'
dandrews@adga.ca,19mus*****,'Unknown'
dburhan@adga.ca,burha**,'Unknown'
dlefebvre@adga.ca,Setan*,'Unknown'
dlefebvre@adga.ca,max,'Collection 1'
dlefebvre@adga.ca,maxim***,'Collection 1'
drisch@adga.ca,pcarr****,'Unknown'
dtattrie@adga.ca,richa*****,'Unknown'
dyoussef@adga.ca,david*****,'LinkedIn.com'
gcharbonneau@adga.ca,Fredo*****,'LinkedIn.com'
ggill@adga.ca,Lisaj******,'Unknown'
gjenson@adga.ca,bourb****,'Unknown'
gralph@adga.ca,cobur**,'Unknown'
hpottle@adga.ca,passw***,'Unknown'
hpottle@adga.ca,passw****,'Unknown'
jcecire@adga.ca,maniw*****,'LinkedIn.com'
jcooney@adga.ca,Jaspe****,'LinkedIn.com'
jdavirro@adga.ca,johnd****,'Unknown'
jdetombe@adga.ca,sabre****,'Unknown'
jrigley@adga.ca,lordo**,'Unknown'
jtrudel@adga.ca,johnl****,'Unknown'
jvaliquette@adga.ca,carme**,'Unknown'
lpare@adga.ca,guine***,'LinkedIn.com'
mchallenger@adga.ca,texte****,'LinkedIn.com'
mcoolin@adga.ca,Diamo****,"'Dropbox.com', 'LinkedIn.com'"
mgermain@adga.ca,lahr8**,'Unknown'
mmatteuci@adga.ca,8zh1m****,'Collection 1'
msoucy@adga.ca,zorro*,'Unknown'
nblakeley@adga.ca,Armad*****,'LinkedIn.com'
phope@adga.ca,red4n****,'Unknown'
plimoges@adga.ca,hooey*,'Unknown'
psherin@adga.ca,1patr*****,'Unknown'
pstgermain@adga.ca,popey**,'Unknown'
rmorin@adga.ca,ramra*****,'Unknown'
spouliot@adga.ca,p0sc0**,'Unknown'
yrocheleau@adga.ca,afric******,'LinkedIn.com'
adga@adga.ca,yxRsD****,'Unknown'
a.montgiraud@adga.ca,1147a*,'Unknown'
a.montgiraud@adga.ca,1147a***,'Unknown'
a.montgiraud@adga.ca,1147q*,'Unknown'
a.montgiraud@adga.ca,123an********,'Unknown'
a.montgiraud@adga.ca,7411e*****,'Unknown'
a.montgiraud@adga.ca,a.mon***********,'Unknown'
a.montgiraud@adga.ca,a1147*,'Unknown'
a.montgiraud@adga.ca,aandr**,'Unknown'
a.montgiraud@adga.ca,andre*****,'Unknown'
a.montgiraud@adga.ca,andre**,'Unknown'
a.montgiraud@adga.ca,andre***,'Unknown'
a.montgiraud@adga.ca,andre*****,'Unknown'
a.montgiraud@adga.ca,andre****,'Unknown'
a.montgiraud@adga.ca,andre******,'Unknown'
a.montgiraud@adga.ca,andre******,'Unknown'
a.montgiraud@adga.ca,andre********,'Unknown'
a.montgiraud@adga.ca,andre********,'Unknown'
a.montgiraud@adga.ca,andre*******,'Unknown'
a.montgiraud@adga.ca,andre******,'Unknown'
a.montgiraud@adga.ca,andre*******,'Unknown'
a.montgiraud@adga.ca,andre******,'Unknown'
a.montgiraud@adga.ca,andre*****,'Unknown'
a.montgiraud@adga.ca,andre*****,'Unknown'
a.montgiraud@adga.ca,andre**,'Unknown'
a.montgiraud@adga.ca,dre11***,'Unknown'
a.montgiraud@adga.ca,ndre1****,'Unknown'
a.montgiraud@adga.ca,qandr******,'Unknown'
cgraham@adga.ca,softw************,'Unknown'
vzoitakis@adga.ca,vasil****,'Hautelook.com'
jdavirro@adga.ca,dropb***,'Dropbox.com'
Dmaher@adga.ca,Cwe35******,'Stealer Logs'
dmaher@adga.ca,Cwe35*****,'Stealer Logs'
mgratton@adga.ca,judit**,'Zacks.com'
jlachance@adga.ca,Megam******,'Zacks.com'
mditullio@adga.ca,None,'Canva.com'
afaadfasdfa@adga.ca,None,'Canva.com'
saraujo@adga.ca,None,'Twitter.com (scraping data)'
