Email,Password,Sources
cknudson@adginc.ca,91047***,"'Creocommunity.com', 'ConnectPress.com', 'Collection 1', 'catiacommunity.com'"
debv@adginc.ca,jude4*****,'Unknown'
dturner@adginc.ca,dturn***,"'Creocommunity.com', 'ConnectPress.com', 'catiacommunity.com', 'jobs.connectpress.com'"
gbayliss@adginc.ca,95496*,'Unknown'
gbayliss@adginc.ca,DESIG****,'Unknown'
gbayliss@adginc.ca,none9*****,"'ConnectPress.com', 'jobs.connectpress.com'"
ktaylor@adginc.ca,inker****,'Houzz.com'
pshoebridge@adginc.ca,shoei*,"'Prostatitiscanada.ca', 'lambethdesktop.com'"
thigdon@adginc.ca,higdo**,'Unknown'
gbayliss@adginc.ca,mahar***,'LiveJournal'
