Email,Password,Sources
ian.bergman@adiglobal.us,13920*,'Unknown'
ian.bergman@adiglobal.us,17615*,'Unknown'
ian.bergman@adiglobal.us,20067*,'Unknown'
ian.bergman@adiglobal.us,23855*,'Unknown'
ian.bergman@adiglobal.us,2915,'Unknown'
ian.bergman@adiglobal.us,33773*,'Unknown'
ian.bergman@adiglobal.us,42492*,'Unknown'
ian.bergman@adiglobal.us,N3t3c******,'Unknown'
ian.bergman@adiglobal.us,cancu**,'Unknown'
ian.bergman@adiglobal.us,conFI**********,'Unknown'
junell.monson@adiglobal.us,11266*,'Unknown'
junell.monson@adiglobal.us,19512*,'Collection 1'
junell.monson@adiglobal.us,21125*,'Unknown'
junell.monson@adiglobal.us,2392G****,'Unknown'
junell.monson@adiglobal.us,27822*,'Unknown'
junell.monson@adiglobal.us,27825*,'Unknown'
junell.monson@adiglobal.us,32880*,'Unknown'
junell.monson@adiglobal.us,38597*,'Unknown'
junell.monson@adiglobal.us,40563*,'Unknown'
junell.monson@adiglobal.us,KB24k****,'Unknown'
junell.monson@adiglobal.us,Maxim****,'Unknown'
junell.monson@adiglobal.us,Techn*******,'Unknown'
junell.monson@adiglobal.us,eyesp****,'Unknown'
junell.monson@adiglobal.us,yjdby*****,'Unknown'
junellmonson@adiglobal.us,Techn*******,'Unknown'
