Email,Password,Sources
jacqueline@adiuvogroup.com,adiuv******,'Unknown'
brendan@adiuvogroup.com,11434**,'LinkedIn.com'
aland@adiuvogroup.com,Thehi*****,'LinkedIn.com'
boris@adiuvogroup.com,victo*********,'Unknown'
grace@adiuvogroup.com,angel*******,'LinkedIn.com'
lisa@adiuvogroup.com,da_bo*********,'Unknown'
lisa@adiuvogroup.com,money**,'Zoosk.com'
maricor@adiuvogroup.com,maric******,'Unknown'
mark@adiuvogroup.com,keepi******,'LinkedIn.com'
scott@adiuvogroup.com,headh*******,'Collection 1'
scott@adiuvogroup.com,tiger*****,'Unknown'
tara@adiuvogroup.com,max00*****,'LinkedIn.com'
vince@adiuvogroup.com,letme*****,'MySpace.com'
vince@adiuvogroup.com,letme******,'Unknown'
bdafters@adiuvogroup.com,liver******,'resumecourier.ca'
scott@adiuvogroup.com,desmo***,'Evite.com'
adam@adiuvogroup.com,None,'Canva.com'
