Email,Password,Sources
james.walker@adjump.com,1q2w3**,"'Hautelook.com', 'MySpace.com', 'ClearVoiceSurveys.com'"
james.walker@adjump.com,28037*****,'Unknown'
james@adjump.com,fbobh******,'Unknown'
jameswalker@adjump.com,1q2w3**,'Unknown'
kyle.vo@adjump.com,ryder******,'LinkedIn.com'
annie.coryat@adjump.com,Tippi****,"'Bitly.com', 'CafeMom.com'"
cory.arsic@adjump.com,asdfa****,'Unknown'
partners@adjump.com,tkmma**,'Unknown'
sandra.currell@adjump.com,sc293**,'LinkedIn.com'
amanda.vecchio@adjump.com,champ******,'LinkedIn.com'
caitlin.comeau@adjump.com,Tucke*****,'LinkedIn.com'
carl.weisbrot@adjump.com,germa******,'Unknown'
emilio.maldonado@adjump.com,cheos****,'LinkedIn.com'
emma.craig@adjump.com,muffi**********,'LinkedIn.com'
jaclyn.davis@adjump.com,Bentl****,'LinkedIn.com'
jonathan.le@adjump.com,10032*****,'Unknown'
jordan@adjump.com,jones****,'Unknown'
justin.normoyle@adjump.com,1q2w3**,'LinkedIn.com'
kathy.grabetz@adjump.com,grape******,'Unknown'
kostiantyn.aleksieiev@adjump.com,1q2w3****,'Unknown'
liliya.rytsar@adjump.com,ofsrf****,'LinkedIn.com'
linda.kuehni@adjump.com,t3rr1****,'Unknown'
lindsay.craig@adjump.com,potat**,'Bitly.com'
lynn.teasdale@adjump.com,1q2w3****,'Unknown'
michael.debutte@adjump.com,1q2w3****,'Unknown'
rob.walker@adjump.com,sarah*****,'LinkedIn.com'
rod.trudel@adjump.com,rocky****,"'Bitly.com', 'LinkedIn.com'"
annie.coryat@adjump.com,namas***,'CouponMom / ArmorGames'
uslist@adjump.com,12345*,'CouponMom / ArmorGames'
emma.craig@adjump.com,uxrxq******,'visionsource-drgall.com'
james@adjump.com,fzocm******,'visionsource-drgall.com'
amanda.konecsni@adjump.com,zvzag******,'MyFitnessPal.com'
sarah.morand@adjump.com,tkmma**,"'MyFitnessPal.com', 'ClearVoiceSurveys.com'"
annie.coryat@adjump.com,namas****,'Hautelook.com'
jordan.nabigon@adjump.com,Passw***,'Hautelook.com'
nancy.rivera@adjump.com,qu3en****,'CafeMom.com'
cory.arsic@adjump.com,corya******,'Primegaming'
steve.mitchell@adjump.com,adjum***,'Primegaming'
james.walker@adjump.com,1q2w3********,'Hautelook.com'
justin.normoyle@adjump.com,senat*****,'Bonobos.com'
amanda.konecsni@adjump.com,E030E************,'ClearVoiceSurveys.com'
diane.mcgall@adjump.com,hello*,'ClearVoiceSurveys.com'
dustin.beach@adjump.com,342-7****,'ClearVoiceSurveys.com'
jackson.lo@adjump.com,TopSa***********,'ClearVoiceSurveys.com'
james.walker@adjump.com,12345**,'ClearVoiceSurveys.com'
james.walker@adjump.com,1q2w3****,'ClearVoiceSurveys.com'
james.walker@adjump.com,6B4AD************,'ClearVoiceSurveys.com'
james@adjump.com,1q2w3**,'ClearVoiceSurveys.com'
linda.kuehni@adjump.com,Publ1**********,'ClearVoiceSurveys.com'
michael.debutte@adjump.com,passw****,'ClearVoiceSurveys.com'
yazdan.rab3adi@adjump.com,test1***,'ClearVoiceSurveys.com'
yazdan.rabadi11@adjump.com,test1***,'ClearVoiceSurveys.com'
yazdan.rabadi12@adjump.com,test1***,'ClearVoiceSurveys.com'
yazdan.rabadi2@adjump.com,test1***,'ClearVoiceSurveys.com'
yazdan.rabadi33@adjump.com,test1***,'ClearVoiceSurveys.com'
yazdan.rabadi43@adjump.com,test1***,'ClearVoiceSurveys.com'
yazdan.rabadi44@adjump.com,test1***,'ClearVoiceSurveys.com'
yazdan.rabadi50@adjump.com,test1***,'ClearVoiceSurveys.com'
yazdan.rabadi51@adjump.com,test1***,'ClearVoiceSurveys.com'
yazdan.rabadi52@adjump.com,test1***,'ClearVoiceSurveys.com'
yazdan.rabadi53@adjump.com,test1***,'ClearVoiceSurveys.com'
yazdan.rabadi543@adjump.com,test1***,'ClearVoiceSurveys.com'
yazdan.rabadi61@adjump.com,test1***,'ClearVoiceSurveys.com'
yazdan.rabadi99@adjump.com,test1***,'ClearVoiceSurveys.com'
yazdan.rabadi@adjump.com,test1***,'ClearVoiceSurveys.com'
yazdan.rabadif@adjump.com,test1***,'ClearVoiceSurveys.com'
yazdan.rabadig@adjump.com,test1***,'ClearVoiceSurveys.com'
james@adjump.com,None,'Wattpad.com'
lindsay.craig@adjump.com,None,'Disqus.com'
rod.trudel@adjump.com,None,'Disqus.com'
annie.coryat@adjump.com,None,'Disqus.com'
ryan.mcnaught@adjump.com,None,'Canva.com'
tri.huynh@adjump.com,None,"'Canva.com', 'Twitter.com (scraping data)'"
awa.thioye@adjump.com,None,'Canva.com'
laura.lyons@adjump.com,None,'Canva.com'
james@adjump.com,None,'Twitter.com (scraping data)'
rob.walker@adjump.com,None,'Twitter.com (scraping data)'
sandra.robles@adjump.com,None,'Twitter.com (scraping data)'
