Email,Password,Sources
cgleason@adlibsoftware.com,knock******,'Unknown'
shammond@adlibsoftware.com,2264e************,'Unknown'
shammond@adlibsoftware.com,qazws*****,'Unknown'
wgahagan@adlibsoftware.com,murph**,'Unknown'
cyardley@adlibsoftware.com,81e07**,'Unknown'
rholmes@adlibsoftware.com,49868***********,'LinkedIn.com'
dmcalpine@adlibsoftware.com,dmcal*****,'LinkedIn.com'
drevely@adlibsoftware.com,basta****,'LinkedIn.com'
groberts@adlibsoftware.com,byron**,'LinkedIn.com'
hburmeister@adlibsoftware.com,ec8d5**,'Unknown'
hfriesen@adlibsoftware.com,enriq***,'Unknown'
jbrand@adlibsoftware.com,75454***,'Unknown'
jouellette@adlibsoftware.com,melre****,'Unknown'
joy@adlibsoftware.com,shane**,'LinkedIn.com'
jstevens@adlibsoftware.com,T5uN4***,'Last.fm'
kpanchal@adlibsoftware.com,devel*********,'Unknown'
marketing@adlibsoftware.com,edito**,"'Bitly.com', 'ShareThis.com'"
mjokic@adlibsoftware.com,Andje****,'Subagames.com'
mmiddlehurst@adlibsoftware.com,carma****,'Unknown'
pdyck@adlibsoftware.com,adlib***,'Twitter.com'
peter.duff@adlibsoftware.com,jusca****,'Unknown'
pmorrow@adlibsoftware.com,Mor12*****,'Unknown'
rvankessel@adlibsoftware.com,Power******,'Unknown'
rwolff@adlibsoftware.com,tiger***,"'Dropbox.com', 'LinkedIn.com'"
smackey@adlibsoftware.com,sgm02***,'Unknown'
cbramwell@adlibsoftware.com,tango*,'Unknown'
lthielke@adlibsoftware.com,6177b*,'healthcaremarketing.eu'
itaiakina@adlibsoftware.com,iren6***,'Unknown'
pduff@adlibsoftware.com,Jusca****,"'Chegg.com', 'Mathway.com'"
hanguslee@adlibsoftware.com,edito**,'ShareThis.com'
hcoles@adlibsoftware.com,zooms****,'Evite.com'
mmacpherson@adlibsoftware.com,meaga**,'Evite.com'
mmanley@adlibsoftware.com,lglge*****,'Evite.com'
rholmes@adlibsoftware.com,Canad****,'Kickstarter.com'
pduff@adlibsoftware.com,None,'Zynga.com'
kmarch@adlibsoftware.com,None,'Canva.com'
aahmed@adlibsoftware.com,None,'Canva.com'
mkhorev@adlibsoftware.com,None,'Canva.com'
bkernohan@adlibsoftware.com,None,'Canva.com'
noyama@adlibsoftware.com,None,'Zynga.com'
pduff@adlibsoftware.com,None,'Twitter.com (scraping data)'
