Email,Password,Sources
cscott@adra.ca,y0mg9***,'Unknown'
alicia.sawyer@adra.ca,1qazs*****,'LinkedIn.com'
alicia.sawyer@adra.ca,oneli**********,'Bitly.com'
analynn.bruce@adra.ca,@adra*******,'Unknown'
karen@adra.ca,Merry*****,'Unknown'
laura.oke@adra.ca,Adra1******,'Unknown'
mareli@adra.ca,esmar**,'Unknown'
pr@adra.ca,adrac***,'MySpace.com'
ronald.kuhn@adra.ca,jacad****,'Unknown'
pr@adra.ca,adrac*,'Unknown'
nbetten@adra.ca,busin******,'Unknown'
kayla.casey@adra.ca,Kings******,"'Animoto.com', 'Canva.com'"
sharmilla.reid@adra.ca,wolf3***,'Chronicle.com'
lauren.clarke@adra.ca,Musli****,'download1.mios.com'
alicia.sawyer@adra.ca,None,'Disqus.com'
kimberley.whytejones@adra.ca,None,'Canva.com'
crystal.weststrate@adra.ca,None,'Canva.com'
michael.kirkby@adra.ca,None,'Canva.com'
sonja.fraser@adra.ca,None,'Canva.com'
ymm.volunteercoordinator@adra.ca,None,'Canva.com'
ronald.kuhn@adra.ca,None,'Twitter.com (scraping data)'
