Email,Password,Sources
kyeaman@adriatic.ca,conni****,'Unknown'
rromeo@adriatic.ca,26212****,'LinkedIn.com'
ldesimone@adriatic.ca,life,'Mate1.com'
DCooper@adriatic.ca,coop1***,"'LinkedIn.com', 'MySpace.com', 'Disqus.com'"
ameffe@adriatic.ca,19567***********,'LinkedIn.com'
ameffe@adriatic.ca,counc******,'Unknown'
azammit@adriatic.ca,turu8**,'Unknown'
bdonnelly@adriatic.ca,thado**,'Unknown'
dcutrara@adriatic.ca,1234c****,'Unknown'
fsauer@adriatic.ca,470th*****,'Unknown'
gcarnabuci@adriatic.ca,gemma*****,'Unknown'
llingat@adriatic.ca,TYME0****,'Unknown'
llingat@adriatic.ca,burac****,'Unknown'
mphillippo@adriatic.ca,revil**,'Unknown'
mvillarin@adriatic.ca,mende*******,'LinkedIn.com'
pmastroianni@adriatic.ca,marin*****,"'Hautelook.com', 'LinkedIn.com', 'Evite.com'"
rmoore@adriatic.ca,lorra***,'Unknown'
rmoore@adriatic.ca,lorra****,'Unknown'
tburnett@adriatic.ca,aliss***,'Unknown'
pmastroianni@adriatic.ca,J9rgl**********************,'Unknown'
rcation@adriatic.ca,comb3*******,'healthylivingcalendars.com'
froman@adriatic.ca,froma**,'MyFitnessPal.com'
dcooper@adriatic.ca,j6al8*,'AdultFriendFinder'
dpicot@adriatic.ca,qwert*****,'Sendpulse.com'
rromeo@adriatic.ca,halle****,'Stealer Logs'
dcooper@adriatic.ca,None,'Twitter.com (scraping data)'
