Email,Password,Sources
jean.lariviere@adstandards.com,bfrm3***,'Unknown'
jennifer.finjan@adstandards.com,finja**,"'mastheadonline.com', 'masthead.ca'"
jennifer.finjan@adstandards.com,stand*****,'Unknown'
melissa.campeau@adstandards.com,rchgr****,'LinkedIn.com'
nicole.bellam@adstandards.com,face2*****,'LinkedIn.com'
peter.white@adstandards.com,orang***,'Unknown'
tim.peel@adstandards.com,gybe,"'mastheadonline.com', 'masthead.ca'"
info@adstandards.com,phild*****,'Unknown'
pjwhite@adstandards.com,timel****,'Unknown'
peter.white@adstandards.com,Toron****,'Zynga.com'
tim.peel@adstandards.com,timpe***,'Dropbox.com'
peter.white@adstandards.com,None,'Zynga.com'
ljnagel@adstandards.com,None,'Zynga.com'
peter.white@adstandards.com,None,'Twitter.com (scraping data)'
