Email,Password,Sources
susyc@advanced-inc.com,peanu**,'Unknown'
kellyb@advanced-inc.com,cotta***,'LinkedIn.com'
teresag@advanced-inc.com,vigi7**,"'Dropbox.com', 'ShowMe.com'"
johnp@advanced-inc.com,bbkin**,'Dropbox.com'
lesc@advanced-inc.com,ww9qz****,'Dropbox.com'
markm@advanced-inc.com,5440o*******,'Dropbox.com'
mikeb@advanced-inc.com,Costa*****,'Unknown'
sales@advanced-inc.com,707e2************,'Unknown'
sales@advanced-inc.com,d26b7******,'Unknown'
steveh@advanced-inc.com,Russe***,'Unknown'
wayned@advanced-inc.com,77722**,'Dropbox.com'
kellyb@advanced-inc.com,Cotta*****,'Unknown'
esales@advanced-inc.com,98f7,'healthylivingcalendars.com'
wayned@advanced-inc.com,wyane**,'Unknown'
gwall@advanced-inc.com,greg8****,"'MyFitnessPal.com', 'Zynga.com'"
johnp@advanced-inc.com,advan******,'Unknown'
ericp@advanced-inc.com,0415l****,'TrueFire.com'
karenb@advanced-inc.com,Advan******,"'Animoto.com', '123RF.com'"
danh@advanced-inc.com,None,'Zynga.com'
fabiod@advanced-inc.com,None,'Wattpad.com'
davidw@advanced-inc.com,None,'Twitter.com (scraping data)'
karenb@advanced-inc.com,None,'Twitter.com (scraping data)'
