Email,Password,Sources
cstacey@advancedmotion.com,gunne**,'Unknown'
advancedmotion.com@advancedmotion.com,advan*************,'Unknown'
akalalian@advancedmotion.com,zappe**,'Unknown'
ams@advancedmotion.com,advan*************,'dandzc.com'
andrewp@advancedmotion.com,varil****,'Printswithwings.com'
cdedman@advancedmotion.com,scorp***,'Hautelook.com'
ddekoter@advancedmotion.com,P1x3l****,'Bitly.com'
dgerelus@advancedmotion.com,Harle*****,'Unknown'
dgerelus@advancedmotion.com,Harle******,'Unknown'
dlawson@advancedmotion.com,pooh,'Unknown'
dlawson@advancedmotion.com,poohp****,'LinkedIn.com'
hmcnutt@advancedmotion.com,iamnu****,'Unknown'
kmarch@advancedmotion.com,77356***********,'LinkedIn.com'
sboylen@advancedmotion.com,hcky4****,"'MyHeritage.com', 'Poloniex.com', 'Collection 1', 'virginineest.com'"
sboylen@advancedmotion.com,hcky4*****,'Unknown'
sboylen@advancedmotion.com,hky4k***,'Unknown'
tpenton@advancedmotion.com,maxxs******,"'Houzz.com', 'Zynga.com'"
dgerelus@advancedmotion.com,dhunt***,'Unknown'
jmajor@advancedmotion.com,wfiyw******,'visionsource-drgall.com'
mschick@advancedmotion.com,grego***,'Evite.com'
cdedman@advancedmotion.com,scorp*********,'Hautelook.com'
sbalos@advancedmotion.com,razor**,'JeepForum.com'
btaplin@advancedmotion.com,None,'Zynga.com'
tpaquet@advancedmotion.com,None,'Twitter.com (scraping data)'
