Email,Password,Sources
tom@advancedbasementsystems.net,3d593************,'Unknown'
tom@advancedbasementsystems.net,tblac******,'Unknown'
adam@advancedbasementsystems.net,36b6b************,'Unknown'
adam@advancedbasementsystems.net,amair*,'Unknown'
adambarton@advancedbasementsystems.net,4c740************,'Unknown'
adambarton@advancedbasementsystems.net,Cerve*****,'Unknown'
Katelyn@AdvancedBasementSystems.net,jenni*****,'MySpace.com'
adele@advancedbasementsystems.net,1d63f************,'Unknown'
adele@advancedbasementsystems.net,smuck****,'Unknown'
angie@advancedbasementsystems.net,sumpp****,'Unknown'
belal.hashim@advancedbasementsystems.net,2rahi***,'Unknown'
belal.hashim@advancedbasementsystems.net,73109***********,'LinkedIn.com'
belal@advancedbasementsystems.net,2rahi***,'Unknown'
belal@advancedbasementsystems.net,469b5************,'Unknown'
dan@advancedbasementsystems.net,1225,'Unknown'
dan@advancedbasementsystems.net,446ab************,'Unknown'
info@advancedbasementsystems.net,61b3d************,'Unknown'
info@advancedbasementsystems.net,7d948************,'Unknown'
info@advancedbasementsystems.net,abs,'Unknown'
info@advancedbasementsystems.net,chest*****,'Unknown'
info@advancedbasementsystems.net,monop****,'Unknown'
jeff@advancedbasementsystems.net,budra*****,'Unknown'
julie@advancedbasementsystems.net,7aa38************,'Unknown'
julie@advancedbasementsystems.net,chest***,'Unknown'
jenine@advancedbasementsystems.net,bubbl***,'MyFitnessPal.com'
Julie@advancedbasementsystems.net,chest******,'Hautelook.com'
alex@advancedbasementsystems.net,amart**********,'AdultFriendFinder'
martin@advancedbasementsystems.net,None,'Zynga.com'
ben@advancedbasementsystems.net,None,'Twitter.com (scraping data)'
