Email,Password,Sources
service@advantage-restsupply.com,43494****,'Unknown'
kgeyer@advantage-restsupply.com,kgeye**,'LinkedIn.com'
anthony@advantage-restsupply.com,hocke**,'Unknown'
adriana@advantage-restsupply.com,67922**,'Unknown'
aluey@advantage-restsupply.com,charl*****,'LinkedIn.com'
dmurray@advantage-restsupply.com,murra**,'LinkedIn.com'
jons@advantage-restsupply.com,jacks***,'Unknown'
matt@advantage-restsupply.com,lindr*****,'LinkedIn.com'
pauls@advantage-restsupply.com,c3rbe****,'Unknown'
pmead@advantage-restsupply.com,willi***,'LinkedIn.com'
sireland@advantage-restsupply.com,Inspi*****,'Collection 1'
tonyv@advantage-restsupply.com,loren******,"'Collection 1', 'LinkedIn.com'"
lorena@advantage-restsupply.com,mamma*,'Hautelook.com'
ssaunders@advantage-restsupply.com,yello*******,'MyFitnessPal.com'
lorena@advantage-restsupply.com,bovol*****,"'Houzz.com', 'Zynga.com'"
pauls@advantage-restsupply.com,None,'Zynga.com'
acourchaine@advantage-restsupply.com,None,'Canva.com'
ejoy@advantage-restsupply.com,None,'Canva.com'
anthony@advantage-restsupply.com,None,'Twitter.com (scraping data)'
tonyv@advantage-restsupply.com,None,'Twitter.com (scraping data)'
