Email,Password,Sources
creid@advantex.ca,pass9****,'Unknown'
fhood@advantex.ca,pass6****,'Unknown'
rdefino@advantex.ca,brand***,'Unknown'
jkgalley@advantex.ca,29573***********,'LinkedIn.com'
jnyberg@advantex.ca,hello****,'Unknown'
farbeed@advantex.ca,flora*******,'Hautelook.com'
aleclerc@advantex.ca,pass3****,'Unknown'
fashdown@advantex.ca,JAMME*****,'Unknown'
fashdown@advantex.ca,JAMME******,'Unknown'
hauclair@advantex.ca,haucl****,'LinkedIn.com'
hauclair@advantex.ca,pass1*****,'Unknown'
jvella@advantex.ca,16653***********,'LinkedIn.com'
mbradnam@advantex.ca,pass1*****,'Unknown'
mleslie@advantex.ca,67703***,'Unknown'
mleslie@advantex.ca,canno***,'Unknown'
mleslie@advantex.ca,pass1*****,'Unknown'
sales@advantex.ca,510ho****,'Unknown'
sterrio@advantex.ca,pass1*****,'Unknown'
sterrio@advantex.ca,sterr***,'LinkedIn.com'
ychan@advantex.ca,pass1*****,'Unknown'
bneumann@advantex.ca,snick***,'Evite.com'
bwilliams@advantex.ca,dqudh*,'AdultFriendFinder'
jnyberg@advantex.ca,7gn2z*,'AdultFriendFinder'
