Email,Password,Sources
sp@advantagegroup.com,agpsd*****,'Unknown'
bmcclement@advantagegroup.com,McCle*****,'Unknown'
bmcclement@advantagegroup.com,c20ly****,'Unknown'
kboegel@advantagegroup.com,2280k**,'Unknown'
eliu@advantagegroup.com,letme***,'Unknown'
blaumans@advantagegroup.com,carin****,'LinkedIn.com'
nshaikh@advantagegroup.com,redro*****,'Unknown'
jjakala@advantagegroup.com,baseb****,'Unknown'
jnavarro@advantagegroup.com,polma***,'LinkedIn.com'
ajagusch@advantagegroup.com,arman**,'Unknown'
akempking@advantagegroup.com,deCou********,'LinkedIn.com'
altang@advantagegroup.com,50452****,'LinkedIn.com'
bedwards@advantagegroup.com,Chris******,'Unknown'
cadkins@advantagegroup.com,homer**,'Unknown'
cbosio@advantagegroup.com,66932***,'Unknown'
cbosio@advantagegroup.com,baba1****,'Unknown'
emensch@advantagegroup.com,Advan******,'Unknown'
ggemels@advantagegroup.com,rodin*****,"'MyHeritage.com', 'MySpace.com', 'Evite.com', 'long-mcquade.com'"
grinaldi@advantagegroup.com,NOTL2****,'Unknown'
grinaldi@advantagegroup.com,zubru**,'Collection 1'
info@advantagegroup.com,HZeJx****,'sourcingmachine.co.uk'
jdeplanche@advantagegroup.com,gobab***,'LinkedIn.com'
jdrake@advantagegroup.com,drake*****,'Unknown'
llamoureux@advantagegroup.com,wende*****,'Houzz.com'
lsabilano@advantagegroup.com,sabil****,'Evite.com'
mdhillon@advantagegroup.com,Advan******,'Unknown'
mgonzalez@advantagegroup.com,Gonza****,'Collection 1'
nkolodziej@advantagegroup.com,Kolod*****,'Unknown'
nmallia@advantagegroup.com,anton***,'Unknown'
nmathura@advantagegroup.com,menak****,'Hautelook.com'
pbasche@advantagegroup.com,pm551******,'Unknown'
pbull@advantagegroup.com,georg****,'Unknown'
pfernandez@advantagegroup.com,Ferna*****,'Unknown'
pporter@advantagegroup.com,10262****,"'Evite.com', 'Twitter.com'"
ronpirie@advantagegroup.com,drewr***,'Unknown'
rpirie@advantagegroup.com,ronan******,'LinkedIn.com'
sstimson@advantagegroup.com,SJSli*****,'LinkedIn.com'
vm@advantagegroup.com,zanel**,"'Collection 1', 'siliconvalleydiversityjobs.com', 'm.diversityworking.com'"
nmathura@advantagegroup.com,0toro****,'Unknown'
nmathura@advantagegroup.com,p0kFy*********,'Unknown'
ggemels@advantagegroup.com,R,'Unknown'
jmcloughlin@advantagegroup.com,jessi*****,'Houzz.com'
bedwards@advantagegroup.com,Chris**,'cogmap.com'
gsolangon@advantagegroup.com,jeetu**,'Evite.com'
hayala@advantagegroup.com,gidaw****,'Evite.com'
mmilosavljevic@advantagegroup.com,mcamb**,'Evite.com'
ggemels@advantagegroup.com,R;diN*****,'Chegg.com'
nmallia@advantagegroup.com,9yc1z**,'MyHeritage.com'
eliu@advantagegroup.com,None,'Canva.com'
idejanovic@advantagegroup.com,None,'Zynga.com'
ggemels@advantagegroup.com,None,'Twitter.com (scraping data)'
jnavarro@advantagegroup.com,None,'Twitter.com (scraping data)'
jshanahan@advantagegroup.com,None,'Twitter.com (scraping data)'
