Email,Password,Sources
kvmerriman@advantex.com,sissy*,'Unknown'
kim.fielding@advantex.com,highv****,'LinkedIn.com'
kelly.ambrose@advantex.com,Grant***,'Unknown'
kellylee.smith@advantex.com,MIrag****,'Unknown'
chris.western@advantex.com,22988**,'MySpace.com'
daniel.carbone@advantex.com,capon***,'Disqus.com'
daniel.stern@advantex.com,10311****,'Unknown'
shopsoul@advantex.com,natha*****,'MySpace.com'
acampbell@advantex.com,compa**,'Neopets.com'
nicolas.corsale@advantex.com,2626,'Unknown'
nicolas.corsale@advantex.com,262ma***********,'Unknown'
nicolas.corsale@advantex.com,Rocco*********,'Unknown'
alla.kushevsky@advantex.com,16030**,'Unknown'
billc@advantex.com,magic*,'Unknown'
Audrey.Clydesdale@advantex.com,beauc******,'Unknown'
Diane.Iacobucci@advantex.com,child****,'Unknown'
Donald.Joynt@advantex.com,erinl**,'Unknown'
Todd.Blair@advantex.com,joann**,'Unknown'
ajmulloy@advantex.com,1wert**,'MySpace.com'
alexander.kravchenko@advantex.com,SamDu******,'Unknown'
alexander.kravchenko@advantex.com,SamDu******,'Unknown'
audrey.clydesdale@advantex.com,vahyj*,'Unknown'
eugene.mogoutnov@advantex.com,_dole**,'Unknown'
eunice.mcquillan@advantex.com,edwar**,'Unknown'
francisco.theoduloz@advantex.com,linac*****,"'Houzz.com', 'LinkedIn.com'"
hpeever@advantex.com,peeve**,'Unknown'
jenny.vincent@advantex.com,28262****,'Unknown'
joyhome@advantex.com,tugge******,'MySpace.com'
juliet.veracion@advantex.com,xm109*******,'Unknown'
kurosh.hormozian@advantex.com,madhu****,'Collection 1'
kurosh.hormozian@advantex.com,madhu*********,'Collection 1'
kurosh.hormozian@advantex.com,madhu********************,'Collection 1'
marialuisa.caponigro@advantex.com,danie***,'Unknown'
marks@advantex.com,breez****,'Unknown'
mike.gavich@advantex.com,15268***,"'realtimepublishers.com', 'alura.net'"
mountevans@advantex.com,harro******,'MySpace.com'
murer@advantex.com,princ*****,'MySpace.com'
nazeema.shaheed@advantex.com,xnm11*********,'Unknown'
ryandudrow@advantex.com,ohio1**,'MySpace.com'
scott.gregor@advantex.com,golea*****,'Collection 1'
smbray@advantex.com,w1122***,'MySpace.com'
timphill@advantex.com,huske****,'MySpace.com'
www.kelsey@advantex.com,32923****,'MySpace.com'
yedmonds@advantex.com,ykre2****,'MySpace.com'
jill.page@advantex.com,10330*****,'Hautelook.com'
jillmpage@advantex.com,Moana************,'Hautelook.com'
patrycja.walus@advantex.com,porns**,'Unknown'
patrycja.walus@advantex.com,porns****,'MyFitnessPal.com'
arianne.mucha@advantex.com,silas***,'Evite.com'
steve.doulgeris@advantex.com,29117*,'AdultFriendFinder'
theman@advantex.com,44105*,'AdultFriendFinder'
alay.shah@advantex.com,money*,'Zacks.com'
phil.mcglynn@advantex.com,Geovu*******,'Zacks.com'
mindysummers@advantex.com,None,'Zynga.com'
francisco.theoduloz@advantex.com,None,'Twitter.com (scraping data)'
