Email,Password,Sources
btaylor@advantagecarrentals.com,leeta*****,'Unknown'
jhisey@advantagecarrentals.com,SEREN*******,'LinkedIn.com'
ajax@advantagecarrentals.com,sundi**,'Unknown'
dbillesdon@advantagecarrentals.com,joann**,'LinkedIn.com'
info@advantagecarrentals.com,mpccy**,'Collection 1'
info@advantagecarrentals.com,mpccy***,'Unknown'
ltaylor@advantagecarrentals.com,Windo*****,'Collection 1'
ltaylor@advantagecarrentals.com,true2****,"'Hautelook.com', 'Evite.com'"
pharmacy@advantagecarrentals.com,75des******,'MySpace.com'
rtaylor@advantagecarrentals.com,jdesi*****,'MyFitnessPal.com'
dixie@advantagecarrentals.com,abag2***,'canadianbusinessdirectory.ca'
formula@advantagecarrentals.com,wowkg**,'canadianbusinessdirectory.ca'
sheppard@advantagecarrentals.com,wowh9**,'canadianbusinessdirectory.ca'
weston@advantagecarrentals.com,abaga***,'canadianbusinessdirectory.ca'
jbevis@advantagecarrentals.com,shann***,'ClearVoiceSurveys.com'
ltaylor@advantagecarrentals.com,None,'Twitter.com (scraping data)'
rtaylor@advantagecarrentals.com,None,'Twitter.com (scraping data)'
