Email,Password,Sources
cworkman@advertising-plus.com,01AD0**,"'Moneyman.org', 'Collection 1', 'spectrumuniforms.com'"
cworkman@advertising-plus.com,01AD0***,'Unknown'
cworkman@advertising-plus.com,4fmm4**,'Unknown'
cworkman@advertising-plus.com,sjPPM**,'Unknown'
cmiller@advertising-plus.com,12suc*****,'Hautelook.com'
cmiller@advertising-plus.com,Wj0,'Collection 1'
cmiller@advertising-plus.com,Wj0/I********************,'Unknown'
jstrong@advertising-plus.com,darli**,'Unknown'
mbadgett@advertising-plus.com,emers***,'Unknown'
mburk@advertising-plus.com,bmebu***,'Unknown'
melwood@advertising-plus.com,12341***,'Unknown'
melwood@advertising-plus.com,addis******,'Collection 1'
melwood@advertising-plus.com,adi03****,'Collection 1'
melwood@advertising-plus.com,monic**,'Unknown'
tcase@advertising-plus.com,g-man**,'MySpace.com'
tcase@advertising-plus.com,succe***,'Unknown'
mkiser@advertising-plus.com,52573**,'Unknown'
mkiser@advertising-plus.com,zxcv1***,'Unknown'
melwood@advertising-plus.com,succe***,'Dropbox.com'
mkiser@advertising-plus.com,zxcv1****,'Unknown'
rcrank@advertising-plus.com,rrjon***,'Cafepress.com'
tcase@advertising-plus.com,Succe****,'Houzz.com'
mkiser@advertising-plus.com,mitch****,'Evite.com'
mkiser@advertising-plus.com,succe***,'Hautelook.com'
