Email,Password,Sources
jcampbell@adventec.com,10293*,'Unknown'
lrodriguez@adventec.com,luis1****,'Unknown'
mmorris@adventec.com,irisk*****,'Unknown'
nicolem@adventec.com,caitl*****,"'MyFitnessPal.com', 'LinkedIn.com'"
luisr@adventec.com,luisr**,'MyFitnessPal.com'
cstoroschuk@adventec.com,princ**,'Evite.com'
nicolem@adventec.com,9ovlg**,'MyHeritage.com'
nserwatuk@adventec.com,bandi****,"'Canva.com', 'Slideteam.net'"
nserwatuk@adventec.com,None,'Canva.com'
snavaretnam@adventec.com,None,'Canva.com'
