Email,Password,Sources
advnews@adventurecenter.com,advne*******,'Unknown'
afairlie@adventurecenter.com,aftre*****,'LinkedIn.com'
chris@adventurecenter.com,Chris*,'Unknown'
chris@adventurecenter.com,Chris******,'Collection 1'
richard@adventurecenter.com,aaron****,'Unknown'
richard@adventurecenter.com,bedf0***,'Unknown'
alan@adventurecenter.com,cente**,'Unknown'
alan@adventurecenter.com,whyno***,'Unknown'
carmel@adventurecenter.com,h0l1d***,'Unknown'
christine@adventurecenter.com,bangp****,'Unknown'
davec@adventurecenter.com,Daphn**,'Dropbox.com'
fei@adventurecenter.com,0234l****,'LinkedIn.com'
johno@adventurecenter.com,Trave******,'Unknown'
johnowells@adventurecenter.com,adven*****,'Unknown'
marketing@adventurecenter.com,camb0****,'Bitly.com'
maureenj@adventurecenter.com,trek1****,'LinkedIn.com'
maz@adventurecenter.com,mazma**,'Unknown'
maz@adventurecenter.com,zam,'Unknown'
tracyf@adventurecenter.com,afric****,'LinkedIn.com'
trevor@adventurecenter.com,tjs94**,'Unknown'
vicky@adventurecenter.com,TRAVE******,'Unknown'
jody.corothers@adventurecenter.com,corot******,'Unknown'
laura@adventurecenter.com,canad*****,'Evite.com'
alan@adventurecenter.com,None,'Twitter.com (scraping data)'
karen@adventurecenter.com,None,'Twitter.com (scraping data)'
marketing@adventurecenter.com,None,'Twitter.com (scraping data)'
