Email,Password,Sources
lynda@adventurevalley.ca,DJTNM**,'1000literaryagents.com'
lynda@adventurevalley.ca,direc****,"'MyHeritage.com', 'Collection 1', 'CafeMom.com'"
outdoored@adventurevalley.ca,adven*********,'Twitter.com'
robyn@adventurevalley.ca,adven********,'Unknown'
robyn@adventurevalley.ca,adven*********,"'Collection 1', 'canadanursingjobs.com'"
info@adventurevalley.ca,Valle**,'247mainstreet.com'
camp@adventurevalley.ca,adven****,'ShareThis.com'
rebecca@adventurevalley.ca,sunsh****,'Evite.com'
ashlee@adventurevalley.ca,None,'Canva.com'
parties@adventurevalley.ca,None,'Canva.com'
piglet@adventurevalley.ca,None,'Canva.com'
outdoored@adventurevalley.ca,None,'Twitter.com (scraping data)'
