Email,Password,Sources
spasquale@advertekprinting.com,natur***,'Zoosk.com'
spasquale@advertekprinting.com,ppcy,'Unknown'
jmackenzie@advertekprinting.com,22222**,'Unknown'
jgedney@advertekprinting.com,joshi***,'Unknown'
esantedicola@advertekprinting.com,Ercol******,'LinkedIn.com'
karenb@advertekprinting.com,kb301****,'Unknown'
kponsonby@advertekprinting.com,tinke**,'Unknown'
lbase@advertekprinting.com,stewa***,'LinkedIn.com'
ltalbot@advertekprinting.com,adver****,'Unknown'
tony@advertekprinting.com,thele***,'Dropbox.com'
tshadlock@advertekprinting.com,adver*******,'kmstudio.ca'
npalumbo@advertekprinting.com,mothe******,'MyFitnessPal.com'
acook@advertekprinting.com,l9w6h****,'long-mcquade.com'
cmontalbano@advertekprinting.com,adver****,'long-mcquade.com'
npalumbo@advertekprinting.com,cotta***,'Houzz.com'
jmontalbano@advertekprinting.com,adver****,"'Wishbone.io', 'Evite.com'"
cmartin@advertekprinting.com,lucky***,'Romwe.com'
_cmartin@advertekprinting.com,kaitl*****,'Wattpad.com'
cmoniz@advertekprinting.com,Innov********,'123RF.com'
cwright@advertekprinting.com,adver*******,'123RF.com'
jgedney@advertekprinting.com,innov******,'123RF.com'
jmontalbano@advertekprinting.com,None,'Wattpad.com'
cmartin@advertekprinting.com,None,'Wattpad.com'
etan@advertekprinting.com,None,'Wattpad.com'
