Email,Password,Sources
rebecca@adventurecanada.com,testi***,'Unknown'
shelly@adventurecanada.com,tempo*****,'Unknown'
shelly@adventurecanada.com,tempo******,'Unknown'
brittany@adventurecanada.com,Arc_1****,'Unknown'
alana@adventurecanada.com,Cedar*****,'Collection 1'
alana@adventurecanada.com,banan****,'Unknown'
alana@adventurecanada.com,leah2****,"'MyHeritage.com', 'MySpace.com'"
artshow@adventurecanada.com,YrU3e******,'Unknown'
cedar@adventurecanada.com,bagpi****,'Houzz.com'
cedar@adventurecanada.com,testi***,'Unknown'
clayton@adventurecanada.com,baddo**,'dator.mabux.ru'
clayton@adventurecanada.com,baddo****,'LinkedIn.com'
dave@adventurecanada.com,22222**,'Unknown'
golf@adventurecanada.com,jcamp****,'Collection 1'
grantf@adventurecanada.com,jlmil****,'Collection 1'
info@adventurecanada.com,Adven****************,'Unknown'
info@adventurecanada.com,adven*****,'LinkedIn.com'
kristina@adventurecanada.com,mehaf***,'Unknown'
matt@adventurecanada.com,haggi**,'Last.fm'
clayton@adventurecanada.com,Dogbo****,'Unknown'
dave@adventurecanada.com,i87nc******,'Unknown'
matt.james@adventurecanada.com,Mswan****,'Zynga.com'
clayton@adventurecanada.com,ghgwg****,'123RF.com'
rebecca@adventurecanada.com,bear1**,'123RF.com'
dave@adventurecanada.com,68319*,'AdultFriendFinder'
alana@adventurecanada.com,None,'Zynga.com'
alana@adventurecanada.com,None,'Twitter.com (scraping data)'
cedar@adventurecanada.com,None,'Twitter.com (scraping data)'
matt@adventurecanada.com,None,'Twitter.com (scraping data)'
