Email,Password,Sources
sheaman@advocateinsurancegroup.ca,Tiafi***,'Unknown'
cmudge@advocateinsurancegroup.ca,Natas****,'Unknown'
dheaman@advocateinsurancegroup.ca,Rubyr****,'Unknown'
dheaman@advocateinsurancegroup.ca,Rubyr*****,'Unknown'
ipetrosky@advocateinsurancegroup.ca,Sasha*****,'Unknown'
jcroal@advocateinsurancegroup.ca,Loret***,'LinkedIn.com'
jschweitzer@advocateinsurancegroup.ca,sledd*****,'LinkedIn.com'
lbigelow@advocateinsurancegroup.ca,Steph*****,'Unknown'
lbradley@advocateinsurancegroup.ca,jacki**,'LinkedIn.com'
lgaspar@advocateinsurancegroup.ca,Melis***,'LinkedIn.com'
mcosta@advocateinsurancegroup.ca,sonic**,'LinkedIn.com'
psteele@advocateinsurancegroup.ca,linds***,'LinkedIn.com'
tsteele@advocateinsurancegroup.ca,Linds***,'Unknown'
cheaman@advocateinsurancegroup.ca,cody9****,'long-mcquade.com'
dcampbell@advocateinsurancegroup.ca,None,'Canva.com'
