Email,Password,Sources
bmcdermott@advocis.ca,19697**,'Unknown'
kbeier@advocis.ca,nicho****,'LinkedIn.com'
kdoucet@advocis.ca,rebec***,"'Bitly.com', 'mastheadonline.com', 'masthead.ca'"
diggers@advocis.ca,sakea**,'Unknown'
rborges@advocis.ca,reckl****,'Unknown'
showard@advocis.ca,insti*****,'Last.fm'
jjun@advocis.ca,50rad*****,'LinkedIn.com'
counselling@advocis.ca,nelly****,'LinkedIn.com'
jhendriks@advocis.ca,03jua*****,'MySpace.com'
nfanous@advocis.ca,nelly****,'Unknown'
staylor@advocis.ca,sammy*****,'Unknown'
SKOLAKSAZOV@ADVOCIS.CA,KOLAK******,'Collection 1'
andhlovu@advocis.ca,spide**,'Unknown'
celia.ciotola@advocis.ca,andre**,'Evony.com'
dbains@advocis.ca,dbain**,"'realtimepublishers.com', 'alura.net'"
fbridel@advocis.ca,cluel******,'Unknown'
gpollock@advocis.ca,Black****,'Unknown'
jbullen@advocis.ca,duke1****,'Collection 1'
jteeluck@advocis.ca,zafid***,"'mastheadonline.com', 'masthead.ca'"
lillidge@advocis.ca,candy***,'LinkedIn.com'
linkedin@advocis.ca,22mag*****,'Unknown'
mdrtfdn@advocis.ca,found******,'Unknown'
njohnston@advocis.ca,tyler*****,'LinkedIn.com'
pmclachlin@advocis.ca,3ozw+********,'Unknown'
pmclachlin@advocis.ca,corma**,'Bolt.cd'
pmclachlin@advocis.ca,mccar****,'Unknown'
ptzanetakis@advocis.ca,zeppe***,'Unknown'
ptzanetakis@advocis.ca,zeppe****,'Unknown'
resume@advocis.ca,ladyb***,'Collection 1'
rjohnson@advocis.ca,genes****,'MySpace.com'
rjohnson@advocis.ca,greml***,'Unknown'
sataylor@advocis.ca,hulle**,'LinkedIn.com'
sjohnston@advocis.ca,crott****,'Unknown'
socialmedia@advocis.ca,49Blu*******,'Bitly.com'
socialmedia@advocis.ca,50rad*****,'MySpace.com'
sportelli@advocis.ca,tango***,"'Collection 1', 'LinkedIn.com'"
ttrain@advocis.ca,taylo***,'Unknown'
ttran@advocis.ca,thuon****,'Collection 1'
wcooney@advocis.ca,scoot***,'Unknown'
zjaneliunas@advocis.ca,zz459**,'Unknown'
diggers@advocis.ca,sakea*,'Unknown'
jhendriks@advocis.ca,juani***,'Evite.com'
jplarda@advocis.ca,sacha*,'Evite.com'
kdoucet@advocis.ca,coffe**,'Evite.com'
dns@advocis.ca,blues*****,'Sendpulse.com'
info@advocis.ca,e5e6e****,'Sendpulse.com'
communications@advocis.ca,None,'Canva.com'
glawen@advocis.ca,None,'Canva.com'
dmason@advocis.ca,None,'Twitter.com (scraping data)'
jjun@advocis.ca,None,'Twitter.com (scraping data)'
