Email,Password,Sources
sharon@advocates.ca,wilma***,'Unknown'
alex@advocates.ca,Kassa******,'Unknown'
alex@advocates.ca,danie**,'Unknown'
alysia@advocates.ca,5y9e7*,'Unknown'
cecilia@advocates.ca,ay6je***,'Unknown'
johanna@advocates.ca,2130w******,'LinkedIn.com'
robin@advocates.ca,summe****,"'Canva.com', 'Dropbox.com', 'Promo.com'"
rose@advocates.ca,72876***,'LinkedIn.com'
victor@advocates.ca,TAS20***,'Bitly.com'
heather@advocates.ca,kehai****,'Unknown'
jesse@advocates.ca,conan*,'Evite.com'
robin@advocates.ca,boysr***,'Evite.com'
robin@advocates.ca,None,'Canva.com'
dana@advocates.ca,None,'Canva.com'
lauren@advocates.ca,None,'Canva.com'
jessical@advocates.ca,None,'Canva.com'
robin@advocates.ca,None,'Twitter.com (scraping data)'
