Email,Password,Sources
ccoleman@aecpropertytax.com,x102c**,'MyHeritage.com'
aluu@aecpropertytax.com,passw*******,'Canva.com'
iprotacio@aecpropertytax.com,pelvi**,'Slideteam.net'
gnewell@aecpropertytax.com,Bioxy******,'Zacks.com'
marketing@aecpropertytax.com,None,'Canva.com'
iprotacio@aecpropertytax.com,None,'Canva.com'
jmckenna@aecpropertytax.com,None,'Canva.com'
dgerryts@aecpropertytax.com,None,'Canva.com'
aluu@aecpropertytax.com,None,'Canva.com'
gjones@aecpropertytax.com,None,'Zynga.com'
ccoleman@aecpropertytax.com,None,'Twitter.com (scraping data)'
