Email,Password,Sources
rsabourin@aefo.on.ca,boubo**,'Unknown'
cjolin@aefo.on.ca,2162,'Unknown'
cjolin@aefo.on.ca,gab3p*******,'Unknown'
ddesjardins@aefo.on.ca,marth******,'Mate1.com'
fleblanclebel@aefo.on.ca,Sospe****,'LinkedIn.com'
pleonard@aefo.on.ca,1dran*****,'Unknown'
pleonard@aefo.on.ca,2171,'Unknown'
pleonard@aefo.on.ca,drano*****,"'Collection 1', 'LinkedIn.com'"
trwigimba@aefo.on.ca,mapro***,'LinkedIn.com'
yroy@aefo.on.ca,limit****,'Unknown'
dcoude@aefo.on.ca,distO************,'Unknown'
afuller@aefo.on.ca,toots*******,'MyHeritage.com'
sosborne@aefo.on.ca,22306**,"'StockX.com', '8Tracks.com'"
mproulx@aefo.on.ca,ameli*************,'123RF.com'
vmenard@aefo.on.ca,vero0****,'123RF.com'
mario.rancourt@aefo.on.ca,simin**,'MyHeritage.com'
rsabourin@aefo.on.ca,None,'Canva.com'
nproulx@aefo.on.ca,None,'Canva.com'
aquirion@aefo.on.ca,None,'Canva.com'
communications@aefo.on.ca,None,'Canva.com'
ablanchard@aefo.on.ca,None,'Canva.com'
dbturpin@aefo.on.ca,None,'Canva.com'
vmkaye@aefo.on.ca,None,'Canva.com'
gbrunet@aefo.on.ca,None,'Canva.com'
ydurocher@aefo.on.ca,None,'Canva.com'
ebrochu@aefo.on.ca,None,'Canva.com'
fleblanclebel@aefo.on.ca,None,'Twitter.com (scraping data)'
pleonard@aefo.on.ca,None,'Twitter.com (scraping data)'
rsabourin@aefo.on.ca,None,'Twitter.com (scraping data)'
unite57@aefo.on.ca,None,'Twitter.com (scraping data)'
