Email,Password,Sources
aercoustics@aercoustics.com,popra**,'Unknown'
kevins@aercoustics.com,sdk85****,'Unknown'
ldavies@aercoustics.com,blu07*****,'Unknown'
brimrott@aercoustics.com,321bb**,'Unknown'
brimrott@aercoustics.com,bbb12*,'Unknown'
brimrott@aercoustics.com,bbb12**,"'MyFitnessPal.com', 'Collection 1', 'LinkedIn.com'"
brimrott@aercoustics.com,brimr**,'Unknown'
brimrott@aercoustics.com,brimr****,'Unknown'
alisont@aercoustics.com,shjjt**,'LinkedIn.com'
Tonyg@aercoustics.com,aemp0***,'Unknown'
davidw@aercoustics.com,linke*****,'Unknown'
ksmith@Aercoustics.com,sdk85****,'Collection 1'
mbarman@aercoustics.com,hjn23**,'Unknown'
mbelluz@aercoustics.com,guita****,'Collection 1'
stitus@aercoustics.com,skipp****,'Unknown'
vince@aercoustics.com,9g1a2****,'LinkedIn.com'
timp@aercoustics.com,stars***,'MyFitnessPal.com'
iwonas@aercoustics.com,aerc1****,'long-mcquade.com'
RobJ@Aercoustics.com,fsae4*****,'LinkedIn.com'
payama@aercoustics.com,donke**,'Dropbox.com'
jokeefe@aercoustics.com,18572*,'TrueFire.com'
kevins@aercoustics.com,aeroj*****,'Zacks.com'
kaylayb@aercoustics.com,None,'Canva.com'
robj@aercoustics.com,None,'Twitter.com (scraping data)'
