Email,Password,Sources
Andrea@aerialpr.com,elean***,'Unknown'
info@aerialpr.com,ariol**,'Unknown'
info@aerialpr.com,passw****,'Unknown'
jeff@aerialpr.com,passw****,'Unknown'
jesse@aerialpr.com,jess1****,'Dropbox.com'
naomi@aerialpr.com,aeria********,'Unknown'
naomi@aerialpr.com,ariol**,'Unknown'
roanne@aerialpr.com,roxyr****,'Collection 1'
jefferson@aerialpr.com,ceUY,'Unknown'
naomi@aerialpr.com,ceUY,'Unknown'
skylar@aerialpr.com,skyes****,'hype1.com'
naomi@aerialpr.com,aeria******,'Promo.com'
alix@aerialpr.com,JYD8h****,'Datpiff.com'
naomi@aerialpr.com,None,'Minted.com'
yael@aerialpr.com,None,'Canva.com'
naomi@aerialpr.com,None,'Twitter.com (scraping data)'
stephen@aerialpr.com,None,'Twitter.com (scraping data)'
