Email,Password,Sources
raman@aero-werks.com,radio*****,'Collection 1'
aman@aero-werks.com,18434*,'Bizbilla.com'
aman@aero-werks.com,amand****,'Shadi.com'
hoa@aero-werks.com,QE365****,'blsindia-canada.com'
rozlyn@aero-werks.com,AERO1****,"'nationallabelandribbon.com', 'nickscrimenti.com', 'barcodespot.com'"
chris@aero-werks.com,ebeft******,'visionsource-drgall.com'
aman@aero-werks.com,45347***,'Unknown'
sam@aero-werks.com,12345**,'Hautelook.com'
sam@aero-werks.com,singh*****,'Stealer Logs'
prateek@aero-werks.com,None,'Canva.com'
admin@aero-werks.com,None,'Indiamart.com'
kapil@aero-werks.com,None,'Indiamart.com'
projects@aero-werks.com,None,'Indiamart.com'
rsg@aero-werks.com,None,'Indiamart.com'
