Email,Password,Sources
agnes@aeropol.com,Aerop*******,'faa-pma.com'
ahmad@aeropol.com,POLSK**,'faa-pma.com'
susan@aeropol.com,Df5jm**,'faa-pma.com'
bob@aeropol.com,Aerop****,'faa-pma.com'
bob@aeropol.com,bobsl*****,'LinkedIn.com'
alexandra@aeropol.com,Yh5xd**,'faa-pma.com'
benoy@aeropol.com,aerop*****,'faa-pma.com'
cherryl@aeropol.com,Aviat*******,'faa-pma.com'
cherryl@aeropol.com,Mypla******,'Unknown'
david@aeropol.com,Nu3hd**,'faa-pma.com'
ella@aeropol.com,aas12**,'LinkedIn.com'
george@aeropol.com,Aerop****,'Unknown'
info@aeropol.com,Aerop*****,'LinkedIn.com'
info@aeropol.com,aerop****,'Unknown'
info@aeropol.com,aerop*****,'Unknown'
kamil@aeropol.com,99985******,'faa-pma.com'
kamila@aeropol.com,Un8cu**,'faa-pma.com'
marc@aeropol.com,aerop****,'faa-pma.com'
marek@aeropol.com,ILSMA***,'Unknown'
marek@aeropol.com,SMARE**,'Unknown'
marek@aeropol.com,samol*****,'Collection 1'
marek@aeropol.com,smare*****,'Unknown'
mariela@aeropol.com,Aerop*****,'Unknown'
mark@aeropol.com,73346*,'Unknown'
pamela@aeropol.com,aerop****,'Unknown'
petert@aeropol.com,petru******,'faa-pma.com'
yury@aeropol.com,panas*********,'faa-pma.com'
ron@aeropol.com,Sadza****,'Unknown'
arthur@aeropol.com,aerop***,'CouponMom / ArmorGames'
arthur@aeropol.com,aasc,'Unknown'
ed@aeropol.com,Agnie*****,'faa-pma.com'
ron@aeropol.com,Sadza*******,'Unknown'
arthur@aeropol.com,Aerop*****,'faa-pma.com'
jeleana@aeropol.com,Pk6gy**,'faa-pma.com'
john@aeropol.com,Aerop****,'faa-pma.com'
maggie@aeropol.com,Maggi*****,'faa-pma.com'
mariela@aeropol.com,Aeros**********,'faa-pma.com'
paulina@aeropol.com,Grudz******,'faa-pma.com'
ron@aeropol.com,Sadza*********,'faa-pma.com'
tom@aeropol.com,Golad********,'faa-pma.com'
info@aeropol.com,aerop****,'ShareThis.com'
