Email,Password,Sources
sverma@aerosuppliesinc.com,SHEAN*****,'faa-pma.com'
bmoore@aerosuppliesinc.com,alexi**,'LinkedIn.com'
khargreaves@aerosuppliesinc.com,bath7****,'faa-pma.com'
kdrew@aerosuppliesinc.com,Ru9gs**,'faa-pma.com'
rskoryk@aerosuppliesinc.com,ASAVy*****,'Unknown'
rskoryk@aerosuppliesinc.com,ASI19***,'Unknown'
ralderjon@aerosuppliesinc.com,yqaqi********,'Collection 1'
ralderton@aerosuppliesinc.com,yqaqi************,'Unknown'
ralderton@aerosuppliesinc.com,yqaqi************************,'Unknown'
ralderton@aerosuppliesinc.com,yqaqi****,'Collection 1'
ralderton@aerosuppliesinc.com,yqaqi********,'Unknown'
cdurante@aerosuppliesinc.com,17180***********,'LinkedIn.com'
ckennedy@aerosuppliesinc.com,Ruby2****,'Unknown'
cmiller@aerosuppliesinc.com,Kx9dz**,'faa-pma.com'
dtravalja@aerosuppliesinc.com,Nikko****,'Unknown'
gsmith@aerosuppliesinc.com,Tf3va**,'faa-pma.com'
sdickson@aerosuppliesinc.com,EvanG********,'Unknown'
cdurante@aerosuppliesinc.com,cajy1**,'Hautelook.com'
ckennedy@aerosuppliesinc.com,Ruby2****,'faa-pma.com'
dtravalja@aerosuppliesinc.com,Nikko****,'faa-pma.com'
rskoryk@aerosuppliesinc.com,ASI20***,'faa-pma.com'
sdickson@aerosuppliesinc.com,EvanG********,'faa-pma.com'
ralderton@aerosuppliesinc.com,alder******,'Hautelook.com'
ckennedy@aerosuppliesinc.com,aero7****,'MyFitnessPal.com'
rskoryk@aerosuppliesinc.com,None,'Zynga.com'
ckennedy@aerosuppliesinc.com,None,'Twitter.com (scraping data)'
