Email,Password,Sources
celliott@aeryon.com,JKMXN****,'Unknown'
dank@aeryon.com,TECHH****,'LinkedIn.com'
cwaite@aeryon.com,5RDSG****,'Unknown'
abuck@aeryon.com,T8QQ6****,'Unknown'
akhan@aeryon.com,5ZGTZ****,'Unknown'
april@aeryon.com,MUEF3****,'Unknown'
cameron@aeryon.com,L92TJ****,'Unknown'
chuck@aeryon.com,N982N****,'Unknown'
dave@aeryon.com,Smart********,"'MyHeritage.com', 'Poloniex.com'"
dave@aeryon.com,b2919**,'Unknown'
dave@aeryon.com,hooke****,'Unknown'
dgiessel@aeryon.com,GP4TZ****,'Unknown'
ian@aeryon.com,JWUVQ****,'Unknown'
it-purchasing@aeryon.com,MSAUV****,'Unknown'
jball@aeryon.com,owen1****,'Unknown'
kshehata@aeryon.com,VQLSB****,'Unknown'
lmarino@aeryon.com,puddi*****,'Unknown'
marni@aeryon.com,e936d**,'Unknown'
mb-it@aeryon.com,Zoom!****,'Unknown'
mhudec@aeryon.com,Aeryo**,'Unknown'
mhudec@aeryon.com,Aeryo******,'Unknown'
mike@aeryon.com,ANJ6G****,'Unknown'
mike@aeryon.com,c0540****,'Collection 1'
mike@aeryon.com,toodl***,'Unknown'
mweller@aeryon.com,V9GWD****,'Unknown'
rvlaicu@aeryon.com,miras****,'Unknown'
semarche@aeryon.com,12tf5***,'LinkedIn.com'
slindner@aeryon.com,tgpkm**,'Unknown'
tpike@aeryon.com,FFLPY****,'Unknown'
mb-it@aeryon.com,6,'Unknown'
info@aeryon.com,shari****,'ShareThis.com'
chuck@aeryon.com,owenc******,'Evite.com'
Hlim@aeryon.com,123ab********,'Stealer Logs'
cgelsinger@aeryon.com,None,'Canva.com'
kparker@aeryon.com,None,'Canva.com'
tpike@aeryon.com,None,'Twitter.com (scraping data)'
