Email,Password,Sources
donr@aesi-inc.com,Bryan****,'Unknown'
edvardl@aesi-inc.com,z4p0j***,'Unknown'
bryanr@aesi-inc.com,succe***,'Unknown'
richardg@aesi-inc.com,03cNE****,'Unknown'
richardg@aesi-inc.com,baruc*****,'LinkedIn.com'
BobW@aesi-inc.com,RamKe****,'LinkedIn.com'
Chrisg@aesi-inc.com,Link2****,'Unknown'
angiem@aesi-inc.com,angel****,'Unknown'
lesleyj@aesi-inc.com,Crash*****,'Unknown'
loretos@aesi-inc.com,s05ld****,'Unknown'
pauliner@aesi-inc.com,Omryw***,'Unknown'
theresar@aesi-inc.com,19wee**,'Unknown'
theresar@aesi-inc.com,1kabo****,"'MySpace.com', '123RF.com'"
theresar@aesi-inc.com,there********,'Unknown'
edvardl@aesi-inc.com,4Brug****,'Cafepress.com'
audrac@aesi-inc.com,moogi******,'123RF.com'
marketing@aesi-inc.com,None,'Canva.com'
