Email,Password,Sources
jallman@aevitas.ca,baseb****,'Unknown'
jay@aevitas.ca,36248***********,'LinkedIn.com'
jay@aevitas.ca,quill****,'Last.fm'
randy@aevitas.ca,rtsk6**,'Unknown'
tom@aevitas.ca,lindr***,'Unknown'
sherri@aevitas.ca,Patie*****,'Unknown'
carrie@aevitas.ca,1m8xd****,'galsonlabs.ca'
duane@aevitas.ca,vmaxi**,'LinkedIn.com'
milos@aevitas.ca,kiki1******,'Unknown'
peter@aevitas.ca,18340****,"'iMesh.com', 'LinkedIn.com'"
peter@aevitas.ca,PETE1****,'GoNitro.com'
resumes@aevitas.ca,zMXNC*****,'Unknown'
vincent@aevitas.ca,3O3R4**,'Unknown'
carrie@aevitas.ca,cpark*****,'MyFitnessPal.com'
bclarke@aevitas.ca,bruin******,'Ultraflix.com'
rob@aevitas.ca,asrm1****,'Evite.com'
peter@aevitas.ca,None,'Twitter.com (scraping data)'
