Email,Password,Sources
spariag@afarber.com,quick*****,'Unknown'
afarber@afarber.com,A2912****,'LinkedIn.com'
afiore@afarber.com,ffg10**,'Unknown'
afiore@afarber.com,kassy*****,'Unknown'
afisher@afarber.com,40onF*****,'LinkedIn.com'
cguillermo@afarber.com,karan****,'qww.sangeethouse.com'
elevine@afarber.com,aDria****,'Unknown'
bjordan@afarber.com,brent**,'Unknown'
czizzo@afarber.com,expor****,'LinkedIn.com'
jkroll@afarber.com,trust******,'Unknown'
cchen@afarber.com,Maggi******,'LinkedIn.com'
dhessel@afarber.com,123ox***,'LinkedIn.com'
gchadha@afarber.com,Harin*****,'LinkedIn.com'
glifman@afarber.com,lifed****,'Unknown'
gwhitehead@afarber.com,24.36*********,'Unknown'
gwhitehead@afarber.com,baseb****,'LinkedIn.com'
jstriftombolas@afarber.com,hilfi****,'LinkedIn.com'
lbremner@afarber.com,Murph****,'Unknown'
lwasser@afarber.com,antis*******,'Disqus.com'
mbaigel@afarber.com,unite****,'Unknown'
mgarnett@afarber.com,Ysbo8****,'Unknown'
mwengle@afarber.com,candy***,'Unknown'
natasham@afarber.com,64180***********,'LinkedIn.com'
nmills@afarber.com,londo**,'Unknown'
smasud@afarber.com,30043*****,'Unknown'
ssperduti@afarber.com,vizav****,'LinkedIn.com'
wcovent@afarber.com,49630***********,'LinkedIn.com'
wcovent@afarber.com,thecu***,'MyFitnessPal.com'
glifman@afarber.com,81ed1**,'MyHeritage.com'
gmorris@afarber.com,autot******,'Zacks.com'
phaykin@afarber.com,None,'Canva.com'
missa@afarber.com,None,'Canva.com'
adwords@afarber.com,None,'Canva.com'
mlatif@afarber.com,None,'Canva.com'
lwasser@afarber.com,None,'Twitter.com (scraping data)'
mboldis@afarber.com,None,'Twitter.com (scraping data)'
