Email,Password,Sources
dimas.arruda@afasystemsinc.com,cowbo*****,'Unknown'
eric.langen@afasystemsinc.com,ericl********,'Unknown'
info@afasystemsinc.com,ericl********,'Unknown'
jack.langen@afasystemsinc.com,lange**,'Unknown'
jose.ramos@afasystemsinc.com,BENFI***,'LinkedIn.com'
paul.langen@afasystemsinc.com,90545******,'Unknown'
paul.langen@afasystemsinc.com,afasy******,'Unknown'
ron.langen@afasystemsinc.com,maste**,'Unknown'
ryan.radu@afasystemsinc.com,movad****,'Unknown'
marc.langen@afasystemsinc.com,mlang***,'Unknown'
eric.langen@afasystemsinc.com,54Sde****,'corporatelivewire.com'
eric.langen@afasystemsinc.com,emine**,'Evite.com'
sue.burnett@afasystemsinc.com,90545**********,"'Houzz.com', 'Evite.com'"
