Email,Password,Sources
mike.elmalem@affglo.com,6a0b4******************,'Unknown'
mike.elmalem@affglo.com,Ma1mh******,'Unknown'
donna.olinoski@affglo.com,Jessi****,'Zynga.com'
marisabell.gonzalez@affglo.com,sonri*****,'123RF.com'
berenis.cosio@affglo.com,1eres*******,'123RF.com'
amrit.perez@affglo.com,Amrit*****,'Stealer Logs'
marisabell.gonzalez@affglo.com,None,'Canva.com'
mike.abramovitch@affglo.com,None,'Canva.com'
quan.huynh@affglo.com,None,'Canva.com'
montreal.reception@affglo.com,None,'Canva.com'
aline.dangourian@affglo.com,None,'Canva.com'
