Email,Password,Sources
Jon@affinityclick.com,exit2****,'Collection 1'
jon1@affinityclick.com,exit2****,'Unknown'
timo@affinityclick.com,#tg!i****,'MySpace.com'
timo@affinityclick.com,)ryan*,'Unknown'
bastian@affinityclick.com,ac1qa**,'ShareThis.com'
developers@affinityclick.com,1tdzk****,'ShareThis.com'
taylor@affinityclick.com,None,'Canva.com'
dave@affinityclick.com,None,'Canva.com'
admin@affinityclick.com,None,'Twitter.com (scraping data)'
lorant@affinityclick.com,None,'Twitter.com (scraping data)'
