Email,Password,Sources
Djz@affinityproductions.tv,2Coct*****,"'Last.fm', 'long-mcquade.com'"
cc@affinityproductions.tv,angus*******,'Unknown'
dg@affinityproductions.tv,dg?17****,'Unknown'
dg@affinityproductions.tv,gearh*****,'LinkedIn.com'
dw@affinityproductions.tv,Novem********,"'ameawards.com', 'newyorkfestivals.com'"
dw@affinityproductions.tv,henry*****,'Unknown'
mw@affinityproductions.tv,pearl******,'MySpace.com'
mw@affinityproductions.tv,pearl******,'MyFitnessPal.com'
mw@affinityproductions.tv,sting*****,'Unknown'
rv@affinityproductions.tv,ladal****,'LinkedIn.com'
vh@affinityproductions.tv,jayri****,'LinkedIn.com'
rg@affinityproductions.tv,25CF3***,'Unknown'
mw@affinityproductions.tv,alexa************,'Evite.com'
rg@affinityproductions.tv,ga11a***,'Kickstarter.com'
jb@affinityproductions.tv,affin****,'123RF.com'
cbs@affinityproductions.tv,71181*,'AdultFriendFinder'
djz@affinityproductions.tv,83560**********,'Unknown'
Djz@affinityproductions.tv,None,'Disqus.com'
jb@affinityproductions.tv,None,'Zynga.com'
cc@affinityproductions.tv,None,'Twitter.com (scraping data)'
djz@affinityproductions.tv,None,'Twitter.com (scraping data)'
jb@affinityproductions.tv,None,'Twitter.com (scraping data)'
