Email,Password,Sources
agilchrist@afmc.ca,12332**,'Unknown'
cholloway@afmc.ca,17290***********,'LinkedIn.com'
cpeirce@afmc.ca,cpnet********,'Unknown'
nflanagan@afmc.ca,nflan*****,'Unknown'
igold@afmc.ca,Scien*******,'Evite.com'
knorris@afmc.ca,unive******,'chrisd.ca'
smutschler@afmc.ca,July2******,'LinkedIn.com'
smutschler@afmc.ca,toomu*******,'Unknown'
sslade@afmc.ca,june5***,'LinkedIn.com'
igold@afmc.ca,tcz29**,'Unknown'
hleblanc@afmc.ca,bloss****,'Unknown'
bduplessis@afmc.ca,chec-****,'ShareThis.com'
bduplessis@afmc.ca,None,'Canva.com'
kmonfette@afmc.ca,None,'Canva.com'
Studentportal@afmc.ca,None,'Canva.com'
ahagen@afmc.ca,None,'Canva.com'
ebray@afmc.ca,None,'Canva.com'
sverma@afmc.ca,None,'Canva.com'
caper@afmc.ca,None,'Twitter.com (scraping data)'
gmoineau@afmc.ca,None,'Twitter.com (scraping data)'
mshahin@afmc.ca,None,'Twitter.com (scraping data)'
