Email,Password,Sources
rbutterworth@afmindustries.com,sempe****,'Unknown'
abutterworth@afmindustries.com,GoInd****,'lartizanpizza.com'
abutterworth@afmindustries.com,choda******,'Collection 1'
abutterworth@afmindustries.com,yahoo**,"'buykaraokedownloads.com', 'Printswithwings.com'"
bbutterworth@afmindustries.com,boboo**,'Evony.com'
bbutterworth@afmindustries.com,lilly****,'LinkedIn.com'
info@afmindustries.com,hillc*****,'Unknown'
resume@afmindustries.com,yahoo**,'Elance.com'
rbutterworth@afmindustries.com,boygi***,'Cafepress.com'
abutterworth@afmindustries.com,Yahoo****,'Houzz.com'
abutterworth@afmindustries.com,None,'Disqus.com'
pclayton@afmindustries.com,None,'Zynga.com'
abutterworth@afmindustries.com,None,'Twitter.com (scraping data)'
