Email,Password,Sources
cstirbys@afn.ca,passw****,'Unknown'
afnceo@afn.ca,88vir******,'LinkedIn.com'
afox@afn.ca,sunri***,'Unknown'
kvaughan@afn.ca,kmari**,'Unknown'
dpujdak@afn.ca,h3h1m****,'Last.fm'
egauvreau@afn.ca,Palen******,'Unknown'
egauvreau@afn.ca,passw****,'Unknown'
egauvreau@afn.ca,sixet*******,'Unknown'
emorris@afn.ca,13371***********,'LinkedIn.com'
rcorbiere@afn.ca,bakak***,'ClixSense.com'
rcorbiere@afn.ca,bakak****,'Fling.com'
rcorbiere@afn.ca,senat*****,'MySpace.com'
rcorbiere@afn.ca,singl**,"'MyHeritage.com', 'Mate1.com'"
jkinnear@afn.ca,jumpm*****,'Unknown'
stennisco@afn.ca,shelb**,'Unknown'
CConnors@afn.ca,Passw****,'Unknown'
Dmatasawagon@afn.ca,30579***********,'LinkedIn.com'
amayes@afn.ca,shubi****,'Unknown'
berasmus@afn.ca,nirb,'Unknown'
berasmus@afn.ca,nirb@*******,'Unknown'
bhendry@afn.ca,misko*,'Unknown'
bhendry@afn.ca,saH4j*********,'Unknown'
ckataquapit@afn.ca,salt,'Unknown'
ckataquapit@afn.ca,salt$*******,'LinkedIn.com'
dbooth@afn.ca,karie*,'Unknown'
dborynec@afn.ca,recma**,'Unknown'
ddiabo@afn.ca,0972d**********,'LinkedIn.com'
dgarrow@afn.ca,uliyo**,'Disqus.com'
dsmith@afn.ca,marie****,'MyHeritage.com'
dwilliams@afn.ca,alysh**,'Unknown'
ecook@afn.ca,libra**,'LinkedIn.com'
ggallagher@afn.ca,assho***,'Unknown'
gpoirier@afn.ca,Seaka****,'Unknown'
ileblanc@afn.ca,b419j******,'Unknown'
jbeaudry@afn.ca,Beaud***,'Unknown'
jbrennan@afn.ca,4boys*,'Unknown'
jbrennan@afn.ca,4boys******,'LinkedIn.com'
jessicavaliquette@afn.ca,attit****,'Unknown'
jthompson@afn.ca,miche****,'LinkedIn.com'
lcameron@afn.ca,getal*****,'MySpace.com'
lwhiteduck@afn.ca,76739***********,'LinkedIn.com'
lwilliams@afn.ca,fnhm0****,'Unknown'
mcarpentier@afn.ca,noni5****,'Unknown'
mmcdonald@afn.ca,berke****,'Unknown'
mmorningstar@afn.ca,justi*****,'LinkedIn.com'
sloft@afn.ca,eddie***,'MySpace.com'
tsadik@afn.ca,sebas******,'Unknown'
tthompson@afn.ca,10165***********,'LinkedIn.com'
dborynec@afn.ca,wws5p*,'Unknown'
jessicavaliquette@afn.ca,123at*******,'Unknown'
jessicavaliquette@afn.ca,attit*,'Unknown'
jessicavaliquette@afn.ca,attit**,'Unknown'
jessicavaliquette@afn.ca,attit***,'Unknown'
jessicavaliquette@afn.ca,attit*****,'Unknown'
jessicavaliquette@afn.ca,attit*****,'Unknown'
jessicavaliquette@afn.ca,attit*******,'Unknown'
jessicavaliquette@afn.ca,attit*******,'Unknown'
jessicavaliquette@afn.ca,attit******,'Unknown'
jessicavaliquette@afn.ca,attit*****,'Unknown'
jessicavaliquette@afn.ca,attit*****,'Unknown'
jessicavaliquette@afn.ca,attit******,'Unknown'
jessicavaliquette@afn.ca,attit*****,'Unknown'
jessicavaliquette@afn.ca,eduti****,'Unknown'
jessicavaliquette@afn.ca,jatti*****,'Unknown'
jessicavaliquette@afn.ca,jessi****************,'Unknown'
jessicavaliquette@afn.ca,qatti*****,'Unknown'
jessicavaliquette@afn.ca,titud**,'Unknown'
jessicavaliquette@afn.ca,ttitu***,'Unknown'
adione@afn.ca,tigge**,'Evite.com'
cstirbys@afn.ca,evite*,'Evite.com'
rmorrison@afn.ca,iskwe**,'Evite.com'
tcote@afn.ca,maniw****,'Evite.com'
dborynec@afn.ca,i6at7**,'MyHeritage.com'
Royw@afn.ca,bidou***,'Stealer Logs'
cleblanc@afn.ca,None,'Canva.com'
kwoods@afn.ca,None,'Canva.com'
jamiem@afn.ca,None,'Canva.com'
bparent@afn.ca,None,'Canva.com'
dkochie@afn.ca,None,'Canva.com'
jquinn@afn.ca,None,'Canva.com'
jyoung@afn.ca,None,'Canva.com'
rtoulouse@afn.ca,None,'Zynga.com'
ecook@afn.ca,None,'Twitter.com (scraping data)'
emorris@afn.ca,None,'Twitter.com (scraping data)'
