Email,Password,Sources
he6490@africafiles.org,he649**,'Unknown'
iinfoserv@africafiles.org,xoli,'Unknown'
info@africafiles.org,20530**,'Unknown'
infoserv@africafiles.org,ecokr*****,'Unknown'
infoserv@africafiles.org,ecokr******,'Unknown'
infoserv@africafiles.org,ontet*****,'Unknown'
infoserv@africafiles.org,silve******,'Unknown'
infoserve@africafiles.org,franc**,'Unknown'
infoserve@africafiles.org,goodm***,'Unknown'
is7344@africafiles.org,is734**,'Unknown'
muscle7637@africafiles.org,muscl*****,'Unknown'
muscle7637@africafiles.org,muscl******,'Unknown'
of3024@africafiles.org,of302**,'Unknown'
vcinfoserv@africafiles.org,bizma******,'Unknown'
ventlarinfoserv@africafiles.org,bizma******,'Unknown'
yahoo.com/Iinfoserv@africafiles.org,xoli,'Unknown'
yahoo.com/infoserv@africafiles.org,ontet*****,'Unknown'
yahoo.cominfoserve@africafiles.org,99196**,'Unknown'
yahoo.cominfoserve@africafiles.org,goodm***,'Unknown'
infoserve@africafiles.org,99196**,'Unknown'
aol.cominfoserv@africafiles.org,ecokr******,'Unknown'
