Email,Password,Sources
cstoddard@afsmith.bm,Showt****,'LinkedIn.com'
kdutton@afsmith.bm,kache*****,"'LinkedIn.com', 'Shein.com'"
wmeaden@afsmith.bm,Welco****,'Dropbox.com'
alabonte@afsmith.bm,laboo***,'Unknown'
alabonte@afsmith.bm,pad58****,'Unknown'
asimmons@afsmith.bm,winst***,'LinkedIn.com'
bgodwin@afsmith.bm,earlv*****,'LinkedIn.com'
dbrown@afsmith.bm,01236****,'MySpace.com'
dross@afsmith.bm,salsa*******,'LinkedIn.com'
jskinner@afsmith.bm,renfr*******,'LinkedIn.com'
mstar@afsmith.bm,M@rkS****,'Unknown'
pvancamp@afsmith.bm,runne**,'Unknown'
sburgess@afsmith.bm,14623***********,'LinkedIn.com'
ssimmons@afsmith.bm,batti***,'Eroticy.com'
ssimmons@afsmith.bm,tone,'Unknown'
sxu@afsmith.bm,12345**,'Unknown'
sxu@afsmith.bm,1600v******,'Unknown'
sxu@afsmith.bm,Chris******,'Unknown'
sxu@afsmith.bm,Crist******,'Unknown'
sxu@afsmith.bm,Hcm12**,'Unknown'
sxu@afsmith.bm,PO0gr******,'Unknown'
sxu@afsmith.bm,Sarak******,'Unknown'
sxu@afsmith.bm,Sewfl*******,'Unknown'
sxu@afsmith.bm,Woode***,'Unknown'
sxu@afsmith.bm,amd60*****,'Unknown'
sxu@afsmith.bm,angel**,'Unknown'
sxu@afsmith.bm,artis*****,'Unknown'
sxu@afsmith.bm,beazl*******,'Unknown'
sxu@afsmith.bm,beck1****,'Unknown'
sxu@afsmith.bm,china***,'Unknown'
sxu@afsmith.bm,jaden*******,'Unknown'
sxu@afsmith.bm,rose0****,'Unknown'
sxu@afsmith.bm,studi*****,'Unknown'
sxu@afsmith.bm,tippy**,'Unknown'
sxu@afsmith.bm,trage***,'Unknown'
tsmith@afsmith.bm,65che****,"'AdultFriendFinder', 'Fling.com'"
tsmith@afsmith.bm,alvar**********,'Unknown'
tsmith@afsmith.bm,cherr**,"'Mate1.com', 'Zoosk.com'"
tsmith@afsmith.bm,mts23******,'Unknown'
sxu@afsmith.bm,Chris*****,'Unknown'
sxu@afsmith.bm,Rosem*****,'Unknown'
dispatch@afsmith.bm,bermu***,'Unknown'
sxu@afsmith.bm,jw477******,'Unknown'
sxu1@afsmith.bm,12345**,'Unknown'
mstar@afsmith.bm,marks****,"'Hautelook.com', 'Dropbox.com'"
mmoniz@afsmith.bm,jason***,'MyFitnessPal.com'
jstewart@afsmith.bm,antho***,'Shein.com'
twears@afsmith.bm,welco****,'Houzz.com'
bmackenzie@afsmith.bm,vauxh****,'Evite.com'
dbova@afsmith.bm,willi***,'Evite.com'
jstewart@afsmith.bm,godse***,'Evite.com'
ssmith@afsmith.bm,chops****,'Evite.com'
tusher@afsmith.bm,topsa*******,'Evite.com'
wmeaden@afsmith.bm,1q2w3**,'Evite.com'
ssimmons@afsmith.bm,85519*,'AdultFriendFinder'
tpaul@afsmith.bm,hkv2m*,'AdultFriendFinder'
tsmith@afsmith.bm,p2v9n**,'MyHeritage.com'
tusher@afsmith.bm,usher**,'MyHeritage.com'
kmarcus@afsmith.bm,camcy****,'Datpiff.com'
jraynor@afsmith.bm,Warri***,'Slideteam.net'
sburgess@afsmith.bm,None,'Zynga.com'
tgunning@afsmith.bm,None,'Canva.com'
inash@afsmith.bm,None,'Canva.com'
mksmith@afsmith.bm,None,'Canva.com'
hbarrie@afsmith.bm,None,'Zynga.com'
tsmith@afsmith.bm,None,'Twitter.com (scraping data)'
tusher@afsmith.bm,None,'Twitter.com (scraping data)'
