Email,Password,Sources
ahattori@agency59.ca,agenc****,'Unknown'
tfernandez@agency59.ca,yello******,'Dropbox.com'
jmcintyre@agency59.ca,linco***,'Unknown'
asingh@agency59.ca,babyg****,'Unknown'
bhowlett@agency59.ca,NYfes******,"'ameawards.com', 'newyorkfestivals.com'"
bhowlett@agency59.ca,agenc****,'newyorkfestivals.com'
cmcgroarty@agency59.ca,cm38b**,'Unknown'
ddistefano@agency59.ca,respo******,'Unknown'
dfoy@agency59.ca,12345**,'Unknown'
mcooper@agency59.ca,jol67***,'Dropbox.com'
rpersaud@agency59.ca,decem******,'Unknown'
sruffo@agency59.ca,sr564**,'LinkedIn.com'
asmith@agency59.ca,Erago*****,'Webkinz'
bforty@agency59.ca,chris*****,'Evite.com'
trossini@agency59.ca,trduc***,'Evite.com'
ddistefano@agency59.ca,ferra*****,'Kickstarter.com'
mfowler@agency59.ca,tella******,'Romwe.com'
dfoy@agency59.ca,None,"'Zynga.com', 'Disqus.com'"
mcooper@agency59.ca,None,'Canva.com'
jfoy@agency59.ca,None,'Canva.com'
slebelle@agency59.ca,None,'Canva.com'
rbernstein@agency59.ca,None,'Canva.com'
bhowlett@agency59.ca,None,'Twitter.com (scraping data)'
ddistefano@agency59.ca,None,'Twitter.com (scraping data)'
pmaglaris@agency59.ca,None,'Twitter.com (scraping data)'
