Email,Password,Sources
anobrega@agency.coop,N0=Ac*****,'Unknown'
rboucher@agency.coop,morga****,'LinkedIn.com'
awilson@agency.coop,54482***,'LinkedIn.com'
cbeggs@agency.coop,buds1******,'Unknown'
fsorace@agency.coop,21pig*****,'LinkedIn.com'
mcallaghan@agency.coop,maggi**,'Unknown'
mkeith@agency.coop,horae**,'Unknown'
mstdenis@agency.coop,N0,'Unknown'
mstdenis@agency.coop,N0=Ac*****,'Unknown'
swylie@agency.coop,judas*****,'Unknown'
anobrega@agency.coop,N0,'Unknown'
dhoward@agency.coop,ovati***,'MyFitnessPal.com'
mfriesen@agency.coop,sweep****,"'MyFitnessPal.com', 'Shein.com'"
nscott@agency.coop,1Vinc****,'long-mcquade.com'
jlapalme@agency.coop,finta********,"'Canva.com', 'Evite.com'"
nmorrison@agency.coop,None,'Canva.com'
info@agency.coop,None,'Canva.com'
otasci@agency.coop,None,'Canva.com'
jlapalme@agency.coop,None,'Twitter.com (scraping data)'
